Map,Variant,Feature,Dialect Group,nPMI,Exclusivity,Representativeness
œ_leg,œ,œ_leg_œ,Guangfu,0.709,0.821,0.865
*ɲ_meat,j,*ɲ_meat_j,Guangfu,0.694,0.773,0.919
*ɲ_moon,j,*ɲ_moon_j,Guangfu,0.687,0.8,0.865
œ_bird_col,œ,œ_bird_col_œ,Guangfu,0.685,0.816,0.838
œ_long,œ,œ_long_œ,Guangfu,0.682,0.8,0.865
œ_to think,œ,œ_to think_œ,Guangfu,0.682,0.8,0.865
*ɲ_sun,j,*ɲ_sun_j,Guangfu,0.67,0.767,0.892
*ɲ_person,j,*ɲ_person_j,Guangfu,0.65,0.75,0.892
*ɲ_fish,j,*ɲ_fish_j,Guangfu,0.623,0.756,0.838
y_village,y,y_village_y,Guangfu,0.607,0.727,0.865
*ɲ_hot,j,*ɲ_hot_j,Guangfu,0.577,0.744,0.784
*ɲ_two,j,*ɲ_two_j,Guangfu,0.575,0.757,0.757
y_all,y,y_all_y,Guangfu,0.51,0.66,0.838
y_pig,y,y_pig_y,Guangfu,0.494,0.618,0.919
*dz_all,ʦʰ,*dz_all_ʦʰ,Guangfu,0.493,0.6,0.973
y_feather,y,y_feather_y,Guangfu,0.493,0.6,0.973
*ɲ_ear,j,*ɲ_ear_j,Guangfu,0.472,0.684,0.703
y_tree,y,y_tree_y,Guangfu,0.465,0.593,0.946
ɔ_to speak_col,ɔ,ɔ_to speak_col_ɔ,Guangfu,0.462,0.581,0.973
leg_m,0,leg_m_0,Guangfu,0.455,0.6,0.892
ui_to sleep,ɵy,ui_to sleep_ɵy,Guangfu,0.454,0.81,0.459
ui_water,ɵy,ui_water_ɵy,Guangfu,0.451,0.81,0.459
ɔ_horn,ɔ,ɔ_horn_ɔ,Guangfu,0.45,0.569,1
ɵ_spring,ɵ,ɵ_spring_ɵ,Guangfu,0.449,0.875,0.378
*d_to sit,ʦʰ,*d_to sit_ʦʰ,Guangfu,0.449,0.583,0.946
s_four,s,s_four_s,Guangfu,0.448,0.63,0.784
s_heart,s,s_heart_s,Guangfu,0.448,0.63,0.784
s_new,s,s_new_s,Guangfu,0.448,0.63,0.784
s_to die,s,s_to die_s,Guangfu,0.448,0.63,0.784
s_to think,s,s_to think_s,Guangfu,0.448,0.63,0.784
s_west,s,s_west_s,Guangfu,0.448,0.63,0.784
œ_double,œ,œ_double_œ,Guangfu,0.442,0.676,0.676
bird_col_m,0,bird_col_m_0,Guangfu,0.44,0.589,0.892
*ɲ_enter,j,*ɲ_enter_j,Guangfu,0.44,0.589,0.892
y_rain,y,y_rain_y,Guangfu,0.439,0.574,0.946
y_moon,y,y_moon_y,Guangfu,0.433,0.593,0.865
s_small_lit,s,s_small_lit_s,Guangfu,0.431,0.617,0.784
s_three,s,s_three_s,Guangfu,0.431,0.617,0.784
s_small_col,s,s_small_col_s,Guangfu,0.427,0.617,0.784
y_fish,y,y_fish_y,Guangfu,0.424,0.565,0.946
long_m,0,long_m_0,Guangfu,0.424,0.579,0.892
to think_m,0,to think_m_0,Guangfu,0.424,0.579,0.892
y_mouse/rat,y,y_mouse/rat_y,Guangfu,0.419,0.565,0.946
y_boat,y,y_boat_y,Guangfu,0.418,0.582,0.865
*d_head,tʰ,*d_head_tʰ,Guangfu,0.417,0.567,0.919
*ɲ_to drink,j,*ɲ_to drink_j,Guangfu,0.409,0.569,0.892
y_round,y,y_round_y,Guangfu,0.406,0.585,0.838
ɵ_out,ɵ,ɵ_out_ɵ,Guangfu,0.405,0.857,0.324
y_blood,y,y_blood_y,Guangfu,0.395,0.574,0.838
tsʰ_long,ʦʰ,tsʰ_long_ʦʰ,Guangfu,0.389,0.537,0.973
s_knee,s,s_knee_s,Guangfu,0.383,0.656,0.568
*b_skin1,pʰ,*b_skin1_pʰ,Guangfu,0.37,0.521,1
*d_abdomen,tʰ,*d_abdomen_tʰ,Guangfu,0.369,0.566,0.811
*ts_bird_col,ʦ,*ts_bird_col_ʦ,Guangfu,0.366,0.591,0.703
ɔ_to sit,ɔ,ɔ_to sit_ɔ,Guangfu,0.36,0.541,0.892
*ɿ_teacher,y,*ɿ_teacher_y,Guangfu,0.355,0.889,0.216
*u_soil_earth,ou,*u_soil_earth_ou,Guangfu,0.345,0.618,0.568
*g_strange,kʰ,*g_strange_kʰ,Guangfu,0.343,0.507,1
*y_woman,ɵy,*y_woman_ɵy,Guangfu,0.336,0.667,0.432
*u_road,ou,*u_road_ou,Guangfu,0.327,0.6,0.568
ɛ_snake,ɛ,ɛ_snake_ɛ,Guangfu,0.326,0.507,0.946
*u_abdomen,ou,*u_abdomen_ou,Guangfu,0.319,0.606,0.541
*ŋ_cow,ŋ,*ŋ_cow_ŋ,Guangfu,0.317,0.507,0.919
ɔ_I,ɔ / ɔi,ɔ_I_ɔ / ɔi,Guangfu,0.317,1,0.108
*-t_seven,k,*-t_seven_k,Guangfu,0.317,1,0.108
*-n_to see_col,ŋ,*-n_to see_col_ŋ,Guangfu,0.317,1,0.108
y_tool,ɵy,y_tool_ɵy,Guangfu,0.317,0.706,0.324
ɔ_fire,ɔ,ɔ_fire_ɔ,Guangfu,0.308,0.493,0.973
ou_good,ou,ou_good_ou,Guangfu,0.307,0.558,0.649
*kʰ_to stand,kʰ,*kʰ_to stand_kʰ,Guangfu,0.306,0.5,0.946
stone_n,ɛ,stone_n_ɛ,Guangfu,0.305,0.583,0.568
*-n_all,ŋ,*-n_all_ŋ,Guangfu,0.291,1,0.081
*-t_bone,k,*-t_bone_k,Guangfu,0.291,1,0.081
a_eight,a / ɛ,a_eight_a / ɛ,Guangfu,0.291,1,0.081
*-t_lice,k,*-t_lice_k,Guangfu,0.291,1,0.081
*-n_smoke,ŋ,*-n_smoke_ŋ,Guangfu,0.291,1,0.081
*-t_sun,k,*-t_sun_k,Guangfu,0.291,1,0.081
i_to see_col,i / ɛ,i_to see_col_i / ɛ,Guangfu,0.291,1,0.081
*-n_village,ŋ,*-n_village_ŋ,Guangfu,0.291,1,0.081
*n_man,l,*n_man_l,Guangfu,0.29,0.778,0.189
*-t_one,k,*-t_one_k,Guangfu,0.29,1,0.081
ɵ_out,y,ɵ_out_y,Guangfu,0.29,1,0.081
*n_woman,l,*n_woman_l,Guangfu,0.29,0.778,0.189
h_to see_lit,f,h_to see_lit_f,Guangfu,0.286,1,0.081
ɔ_light,ɔ,ɔ_light_ɔ,Guangfu,0.274,0.479,0.946
ɐu_nine,ɐu,ɐu_nine_ɐu,Guangfu,0.268,0.479,0.946
ɛ_night,ɛ,ɛ_night_ɛ,Guangfu,0.264,0.485,0.892
*-t_blood,k,*-t_blood_k,Guangfu,0.262,1,0.054
*-n_boat,ŋ,*-n_boat_ŋ,Guangfu,0.262,1,0.054
*ŋ_cow,0,*ŋ_cow_0,Guangfu,0.262,1,0.054
ɐu_cow,ɐu,ɐu_cow_ɐu,Guangfu,0.262,0.473,0.946
a_eight,æ,a_eight_æ,Guangfu,0.262,1,0.054
*-t_eight,0,*-t_eight_0,Guangfu,0.262,1,0.054
*ŋ_eye,0,*ŋ_eye_0,Guangfu,0.262,1,0.054
a_eye,æ,a_eye_æ,Guangfu,0.262,1,0.054
u_full,œ,u_full_œ,Guangfu,0.262,1,0.054
a_hair_head,æ,a_hair_head_æ,Guangfu,0.262,1,0.054
a_hair_head,ɐ,a_hair_head_ɐ,Guangfu,0.262,1,0.054
*-t_hair_head,0,*-t_hair_head_0,Guangfu,0.262,1,0.054
*-t_hot,k,*-t_hot_k,Guangfu,0.262,1,0.054
*ŋ_I,0,*ŋ_I_0,Guangfu,0.262,1,0.054
ɔ_I,ɔi,ɔ_I_ɔi,Guangfu,0.262,1,0.054
a_mountain ,æ,a_mountain _æ,Guangfu,0.262,1,0.054
j_smoke,j / 0,j_smoke_j / 0,Guangfu,0.262,1,0.054
i_smoke,i / ɛ,i_smoke_i / ɛ,Guangfu,0.262,1,0.054
*ŋ_to bite,0,*ŋ_to bite_0,Guangfu,0.262,1,0.054
*-t_to kill,0,*-t_to kill_0,Guangfu,0.262,1,0.054
*ŋ_tooth1,0,*ŋ_tooth1_0,Guangfu,0.262,1,0.054
ɔ_yellow,ɔ,ɔ_yellow_ɔ,Guangfu,0.262,0.473,0.946
*-n_round,ŋ,*-n_round_ŋ,Guangfu,0.26,1,0.054
a_white,æ,a_white_æ,Guangfu,0.26,1,0.054
*ɿ_history,y,*ɿ_history_y,Guangfu,0.256,0.75,0.162
ɐu_autumn,ɐu,ɐu_autumn_ɐu,Guangfu,0.255,0.473,0.946
ɐi_small_col,ɐi,ɐi_small_col_ɐi,Guangfu,0.251,0.468,0.973
*n_you,l,*n_you_l,Guangfu,0.251,0.7,0.189
*0_duck,ŋ,*0_duck_ŋ,Guangfu,0.249,0.8,0.108
ou_hair_body,ou,ou_hair_body_ou,Guangfu,0.249,0.524,0.595
ɐ_together/to merge,ɐ,ɐ_together/to merge_ɐ,Guangfu,0.249,0.543,0.514
*k_nine,k,*k_nine_k,Guangfu,0.247,0.463,1
*x_blood,h,*x_blood_h,Guangfu,0.246,0.462,0.973
ɐu_to swim,ɐu,ɐu_to swim_ɐu,Guangfu,0.243,0.467,0.946
*ŋ_five,m̩,*ŋ_five_m̩,Guangfu,0.242,0.643,0.243
ɐi_chicken,ɐi,ɐi_chicken_ɐi,Guangfu,0.239,0.462,0.973
y_to go,ɵy,y_to go_ɵy,Guangfu,0.238,0.611,0.297
ɐ_sun,ɐ,ɐ_sun_ɐ,Guangfu,0.233,0.456,0.973
ɐu_to walk,ɐu,ɐu_to walk_ɐu,Guangfu,0.233,0.456,0.973
*-t_eight,k,*-t_eight_k,Guangfu,0.23,0.714,0.135
ɐu_hand,ɐu,ɐu_hand_ɐu,Guangfu,0.229,0.459,0.919
y_all,œ,y_all_œ,Guangfu,0.223,1,0.027
y_all,ɔ,y_all_ɔ,Guangfu,0.223,1,0.027
y_all,ɵ,y_all_ɵ,Guangfu,0.223,1,0.027
*d_big,t / tʰ,*d_big_t / tʰ,Guangfu,0.223,1,0.027
*d_big,ʈ,*d_big_ʈ,Guangfu,0.223,1,0.027
ɐ_black,ɐ / a,ɐ_black_ɐ / a,Guangfu,0.223,1,0.027
ɐ_black,ɪ,ɐ_black_ɪ,Guangfu,0.223,1,0.027
y_blood,œ,y_blood_œ,Guangfu,0.223,1,0.027
y_blood,ɔ,y_blood_ɔ,Guangfu,0.223,1,0.027
y_blood,ɵ,y_blood_ɵ,Guangfu,0.223,1,0.027
*-t_blood,0,*-t_blood_0,Guangfu,0.223,1,0.027
*l_blue,ŋ,*l_blue_ŋ,Guangfu,0.223,1,0.027
a_blue,a / i,a_blue_a / i,Guangfu,0.223,1,0.027
s_boat,s / ʦ,s_boat_s / ʦ,Guangfu,0.223,1,0.027
y_boat,ɵ,y_boat_ɵ,Guangfu,0.223,1,0.027
*t_cold,ʈ,*t_cold_ʈ,Guangfu,0.223,1,0.027
a_duck,ɐ,a_duck_ɐ,Guangfu,0.223,1,0.027
*i_ear,ɐi,*i_ear_ɐi,Guangfu,0.223,1,0.027
a_eight,ɪ,a_eight_ɪ,Guangfu,0.223,1,0.027
a_eye,i,a_eye_i,Guangfu,0.223,1,0.027
ɔ_fire,ɔi,ɔ_fire_ɔi,Guangfu,0.223,1,0.027
*ɲ_fish,z,*ɲ_fish_z,Guangfu,0.223,1,0.027
*u_five,u,*u_five_u,Guangfu,0.223,1,0.027
*m_full,n,*m_full_n,Guangfu,0.223,1,0.027
u_full,u / ɔ,u_full_u / ɔ,Guangfu,0.223,1,0.027
u_full,ɵ,u_full_ɵ,Guangfu,0.223,1,0.027
*x_good,x,*x_good_x,Guangfu,0.223,1,0.027
*l_green,ŋ,*l_green_ŋ,Guangfu,0.223,1,0.027
f_hair_head,pʰ,f_hair_head_pʰ,Guangfu,0.223,1,0.027
a_hair_head,ɛ,a_hair_head_ɛ,Guangfu,0.223,1,0.027
ɐu_hand,u,ɐu_hand_u,Guangfu,0.223,1,0.027
*-m_heart,ŋ,*-m_heart_ŋ,Guangfu,0.223,1,0.027
*ɲ_hot,z,*ɲ_hot_z,Guangfu,0.223,1,0.027
ɔ_I,ai,ɔ_I_ai,Guangfu,0.223,1,0.027
s_knee,n,s_knee_n,Guangfu,0.223,1,0.027
*-t_knee,n,*-t_knee_n,Guangfu,0.223,1,0.027
*ɣ_lake,x,*ɣ_lake_x,Guangfu,0.223,1,0.027
*k_leg,ʦʰ,*k_leg_ʦʰ,Guangfu,0.223,1,0.027
a_man,a / i,a_man_a / i,Guangfu,0.223,1,0.027
*t_many,ʈ,*t_many_ʈ,Guangfu,0.223,1,0.027
*ɲ_meat,z,*ɲ_meat_z,Guangfu,0.223,1,0.027
*-k_meat,ʔ,*-k_meat_ʔ,Guangfu,0.223,1,0.027
*ɲ_moon,z,*ɲ_moon_z,Guangfu,0.223,1,0.027
y_moon,ɔ,y_moon_ɔ,Guangfu,0.223,1,0.027
y_moon,ɵ,y_moon_ɵ,Guangfu,0.223,1,0.027
*-t_moon,k,*-t_moon_k,Guangfu,0.223,1,0.027
a_mountain ,a / ɛ,a_mountain _a / ɛ,Guangfu,0.223,1,0.027
*ɲ_person,z,*ɲ_person_z,Guangfu,0.223,1,0.027
ts_pig,ʦʰ,ts_pig_ʦʰ,Guangfu,0.223,1,0.027
*x_red,f,*x_red_f,Guangfu,0.223,1,0.027
*l_road,ŋ,*l_road_ŋ,Guangfu,0.223,1,0.027
*k_root,h,*k_root_h,Guangfu,0.223,1,0.027
*k_root,n,*k_root_n,Guangfu,0.223,1,0.027
*l_six,ŋ,*l_six_ŋ,Guangfu,0.223,1,0.027
ɛ_snake,œ,ɛ_snake_œ,Guangfu,0.223,1,0.027
*ɲ_sun,z,*ɲ_sun_z,Guangfu,0.223,1,0.027
*-p_ten,k,*-p_ten_k,Guangfu,0.223,1,0.027
*-m_three,m / n,*-m_three_m / n,Guangfu,0.223,1,0.027
*ɲ_to drink,z,*ɲ_to drink_z,Guangfu,0.223,1,0.027
*-m_to drink,ŋ,*-m_to drink_ŋ,Guangfu,0.223,1,0.027
a_to kill,æ,a_to kill_æ,Guangfu,0.223,1,0.027
a_to kill,ɐ,a_to kill_ɐ,Guangfu,0.223,1,0.027
ui_to sleep,y,ui_to sleep_y,Guangfu,0.223,1,0.027
ui_to sleep,ɔ,ui_to sleep_ɔ,Guangfu,0.223,1,0.027
y_tool,œ,y_tool_œ,Guangfu,0.223,1,0.027
*a_tooth1,œ,*a_tooth1_œ,Guangfu,0.223,1,0.027
*ɲ_two,z,*ɲ_two_z,Guangfu,0.223,1,0.027
tsʰ_village,s,tsʰ_village_s,Guangfu,0.223,1,0.027
village_m,i,village_m_i,Guangfu,0.223,1,0.027
y_village,œ,y_village_œ,Guangfu,0.223,1,0.027
*-k_white,t,*-k_white_t,Guangfu,0.223,1,0.027
*t_winter,ʈ,*t_winter_ʈ,Guangfu,0.223,1,0.027
*n_woman,j,*n_woman_j,Guangfu,0.223,1,0.027
*y_woman,œ,*y_woman_œ,Guangfu,0.223,1,0.027
*ɣ_yellow,f,*ɣ_yellow_f,Guangfu,0.223,1,0.027
*ɣ_yellow,n,*ɣ_yellow_n,Guangfu,0.223,1,0.027
*-ŋ_yellow,n,*-ŋ_yellow_n,Guangfu,0.223,1,0.027
*n_you,j,*n_you_j,Guangfu,0.223,1,0.027
ɐu_autumn,u,ɐu_autumn_u,Guangfu,0.221,1,0.027
ɐu_dog,ɐu,ɐu_dog_ɐu,Guangfu,0.221,0.45,0.973
ɐ_knee,ɪ,ɐ_knee_ɪ,Guangfu,0.221,1,0.027
*-p_leaf,ʔ,*-p_leaf_ʔ,Guangfu,0.221,1,0.027
*0_love,v,*0_love_v,Guangfu,0.221,1,0.027
ɔi_love,i,ɔi_love_i,Guangfu,0.221,1,0.027
ɔi_love,u,ɔi_love_u,Guangfu,0.221,1,0.027
ɛ_night,œ,ɛ_night_œ,Guangfu,0.221,1,0.027
ɐu_nine,u,ɐu_nine_u,Guangfu,0.221,1,0.027
ɐ_north,ɪ,ɐ_north_ɪ,Guangfu,0.221,1,0.027
ɵ_out,y / ɐ,ɵ_out_y / ɐ,Guangfu,0.221,1,0.027
y_round,ɵ,y_round_ɵ,Guangfu,0.221,1,0.027
stone_n,i,stone_n_i,Guangfu,0.221,1,0.027
stone_n,œ,stone_n_œ,Guangfu,0.221,1,0.027
*ɿ_teacher,œ,*ɿ_teacher_œ,Guangfu,0.221,1,0.027
y_to go,œ,y_to go_œ,Guangfu,0.221,1,0.027
ɔ_to sit,o,ɔ_to sit_o,Guangfu,0.221,1,0.027
ɐu_to swim,o,ɐu_to swim_o,Guangfu,0.221,1,0.027
ui_water,ɔ,ui_water_ɔ,Guangfu,0.221,1,0.027
ɐi_west,ɐi,ɐi_west_ɐi,Guangfu,0.221,0.45,0.973
*ɲ_ear,ŋ,*ɲ_ear_ŋ,Guangfu,0.22,0.667,0.162
*n_bird_lit,n / t,*n_bird_lit_n / t,Guangfu,0.219,1,0.027
œ_double,œ / o,œ_double_œ / o,Guangfu,0.219,1,0.027
œ_double,œ / ɔ,œ_double_œ / ɔ,Guangfu,0.219,1,0.027
ts_fat,ɬ,ts_fat_ɬ,Guangfu,0.219,1,0.027
*ɣ_summer,h,*ɣ_summer_h,Guangfu,0.219,0.456,0.973
i_to fly,ei,i_to fly_ei,Guangfu,0.219,0.5,0.595
f_tomb,pʰ,f_tomb_pʰ,Guangfu,0.219,1,0.027
ɔ_to see_lit,y,ɔ_to see_lit_y,Guangfu,0.218,1,0.027
y_to go,y,y_to go_y,Guangfu,0.217,0.531,0.459
a_eye,ɛ,a_eye_ɛ,Guangfu,0.215,0.588,0.27
s_knee,ʦʰ,s_knee_ʦʰ,Guangfu,0.214,0.6,0.243
ɐ_one,ɐ,ɐ_one_ɐ,Guangfu,0.211,0.446,1
ui_ash,oi,ui_ash_oi,Guangfu,0.21,0.75,0.081
*-t_out,k,*-t_out_k,Guangfu,0.21,0.75,0.081
*h_tiger,f,*h_tiger_f,Guangfu,0.21,0.444,0.973
*0_love,ŋ,*0_love_ŋ,Guangfu,0.208,0.75,0.081
*n_bird_lit,l,*n_bird_lit_l,Guangfu,0.207,0.6,0.243
ɔ_many,ɔ,ɔ_many_ɔ,Guangfu,0.207,0.44,1
ɐ_person,ɐ,ɐ_person_ɐ,Guangfu,0.207,0.44,1
*i_nose,ei,*i_nose_ei,Guangfu,0.206,0.5,0.541
ɔ_liver,ɔ,ɔ_liver_ɔ,Guangfu,0.205,0.456,0.838
ɐu_mouth,ɐu,ɐu_mouth_ɐu,Guangfu,0.202,0.444,0.973
*tsʰ_autumn,ʦʰ,*tsʰ_autumn_ʦʰ,Guangfu,0.199,0.44,1
ɐ_lice,ɐ,ɐ_lice_ɐ,Guangfu,0.195,0.435,1
nose_c,0,nose_c_0,Guangfu,0.195,0.435,1
*h_ash,f,*h_ash_f,Guangfu,0.193,0.442,0.919
ɐu_head,ɐu,ɐu_head_ɐu,Guangfu,0.193,0.442,0.919
*-t_to kill,k,*-t_to kill_k,Guangfu,0.193,0.667,0.108
*ɣ_yellow,w,*ɣ_yellow_w,Guangfu,0.192,0.464,0.703
ɐ_cloud,ɐ,ɐ_cloud_ɐ,Guangfu,0.187,0.434,0.973
ɐ_enter,ɐ,ɐ_enter_ɐ,Guangfu,0.187,0.434,0.973
*h_fire,f,*h_fire_f,Guangfu,0.187,0.434,0.973
tsʰ_village,ʦʰ,tsʰ_village_ʦʰ,Guangfu,0.187,0.434,0.973
*i_skin1,ei,*i_skin1_ei,Guangfu,0.185,0.487,0.514
o_breast,o,o_breast_o,Guangfu,0.184,0.43,1
ts_claws,ʦ,ts_claws_ʦ,Guangfu,0.184,0.43,1
o_green,o,o_green_o,Guangfu,0.184,0.43,1
*ŋ_to bite,ŋ,*ŋ_to bite_ŋ,Guangfu,0.182,0.436,0.919
ɔi_love,oi,ɔi_love_oi,Guangfu,0.18,0.6,0.162
tsʰ_seven,ʦʰ,tsʰ_seven_ʦʰ,Guangfu,0.176,0.429,0.973
ɐ_ten,ɐ,ɐ_ten_ɐ,Guangfu,0.176,0.429,0.973
ɐ_heart,ɐ,ɐ_heart_ɐ,Guangfu,0.172,0.425,1
o_red,o,o_red_o,Guangfu,0.172,0.425,1
*ɣ_lake,w,*ɣ_lake_w,Guangfu,0.17,0.475,0.514
y_tool,y,y_tool_y,Guangfu,0.17,0.475,0.514
*ŋ_tooth1,ŋ,*ŋ_tooth1_ŋ,Guangfu,0.17,0.43,0.919
*i_floor/ground,ei,*i_floor/ground_ei,Guangfu,0.167,0.476,0.541
ɐ_knee,ɐ,ɐ_knee_ɐ,Guangfu,0.163,0.43,0.919
*i_tail,ei,*i_tail_ei,Guangfu,0.163,0.465,0.541
bone_n,ɐ,bone_n_ɐ,Guangfu,0.162,0.42,1
ɐ_new,ɐ,ɐ_new_ɐ,Guangfu,0.162,0.42,1
o_six,o,o_six_o,Guangfu,0.162,0.42,1
*ts_to walk,ʦ,*ts_to walk_ʦ,Guangfu,0.162,0.42,1
o_winter,o,o_winter_o,Guangfu,0.162,0.42,1
*-k_bird_col,0,*-k_bird_col_0,Guangfu,0.159,0.667,0.054
au_claws,a,au_claws_a,Guangfu,0.159,0.667,0.054
*-p_duck,0,*-p_duck_0,Guangfu,0.159,0.667,0.054
*ŋ_eye,ŋ,*ŋ_eye_ŋ,Guangfu,0.159,0.425,0.919
*i_nose,əi,*i_nose_əi,Guangfu,0.159,0.667,0.054
*-p_together/to merge,ʔ,*-p_together/to merge_ʔ,Guangfu,0.159,0.667,0.054
*y_woman,ɔi,*y_woman_ɔi,Guangfu,0.159,0.667,0.054
ɔ_to see_lit,ɔ,ɔ_to see_lit_ɔ,Guangfu,0.158,0.446,0.784
iu_bird_lit,iu,iu_bird_lit_iu,Guangfu,0.157,0.425,1
*ɿ_to die,i,*ɿ_to die_i,Guangfu,0.157,0.472,0.459
ui_water,oi,ui_water_oi,Guangfu,0.157,0.667,0.054
w_cloud,w,w_cloud_w,Guangfu,0.154,0.433,0.784
ɔi_love,ɔi,ɔi_love_ɔi,Guangfu,0.154,0.446,0.676
j_rain,j,j_rain_j,Guangfu,0.154,0.427,0.865
ɐ_seven,ɐ,ɐ_seven_ɐ,Guangfu,0.154,0.419,0.973
o_meat,o,o_meat_o,Guangfu,0.151,0.416,1
ɐ_to drink,ɐ,ɐ_to drink_ɐ,Guangfu,0.151,0.416,1
i_to know,i,i_to know_i,Guangfu,0.151,0.416,1
j_feather,j,j_feather_j,Guangfu,0.148,0.42,0.919
*u_five,o,*u_five_o,Guangfu,0.147,0.6,0.081
five_c,ŋ,five_c_ŋ,Guangfu,0.147,0.6,0.081
*-n_full,ŋ,*-n_full_ŋ,Guangfu,0.147,0.6,0.081
*-t_hair_head,k,*-t_hair_head_k,Guangfu,0.147,0.6,0.081
*-t_knee,k,*-t_knee_k,Guangfu,0.147,0.6,0.081
*k_leg,kʰ,*k_leg_kʰ,Guangfu,0.147,0.556,0.135
*-m_three,ŋ,*-m_three_ŋ,Guangfu,0.147,0.6,0.081
ɔ_dry,ɔ,ɔ_dry_ɔ,Guangfu,0.146,0.431,0.757
j_round,h,j_round_h,Guangfu,0.145,0.6,0.081
*i_you,ei,*i_you_ei,Guangfu,0.141,0.452,0.514
o_cold,o,o_cold_o,Guangfu,0.14,0.411,1
*u_tiger,u,*u_tiger_u,Guangfu,0.14,0.411,1
ɔ_to see_lit,u,ɔ_to see_lit_u,Guangfu,0.138,0.571,0.108
*h_flower,f,*h_flower_f,Guangfu,0.132,0.416,0.865
*ɐ_root,ɐ,*ɐ_root_ɐ,Guangfu,0.131,0.409,0.973
*-n_mountain,ŋ,*-n_mountain_ŋ,Guangfu,0.126,0.5,0.189
j_one,j,j_one_j,Guangfu,0.124,0.409,0.973
*-u-_bone,w,*-u-_bone_w,Guangfu,0.121,0.404,0.973
dry_m,0,dry_m_0,Guangfu,0.121,0.404,0.973
*y_woman,y,*y_woman_y,Guangfu,0.121,0.462,0.324
ts_to know,ʦ,ts_to know_ʦ,Guangfu,0.119,0.402,1
*u_five,0,*u_five_0,Guangfu,0.118,0.407,0.892
*i_to stand,ei,*i_to stand_ei,Guangfu,0.115,0.439,0.486
a_white,a,a_white_a,Guangfu,0.114,0.41,0.865
*i_nose,ɐi,*i_nose_ɐi,Guangfu,0.112,0.5,0.135
*t_cold,t,*t_cold_t,Guangfu,0.11,0.4,0.973
*ɿ_teacher,ɿ,*ɿ_teacher_ɿ,Guangfu,0.109,0.5,0.135
to speak_col_m,0,to speak_col_m_0,Guangfu,0.108,0.398,1
snake_m,0,snake_m_0,Guangfu,0.107,0.402,0.892
ɔ_dry,u,ɔ_dry_u,Guangfu,0.104,0.5,0.108
ɔ_liver,u,ɔ_liver_u,Guangfu,0.104,0.5,0.108
double_m,0,double_m_0,Guangfu,0.103,0.407,0.892
*-n_eye,ŋ,*-n_eye_ŋ,Guangfu,0.1,0.467,0.189
horn_m,0,horn_m_0,Guangfu,0.1,0.398,1
liver_m,0,liver_m_0,Guangfu,0.1,0.396,0.973
*t_many,t,*t_many_t,Guangfu,0.1,0.396,0.973
*t_winter,t,*t_winter_t,Guangfu,0.1,0.396,0.973
œ_long,ɔ,œ_long_ɔ,Guangfu,0.099,0.5,0.108
œ_to think,ɔ,œ_to think_ɔ,Guangfu,0.099,0.5,0.108
*i_four,ei,*i_four_ei,Guangfu,0.098,0.425,0.459
*b_nose,p,*b_nose_p,Guangfu,0.098,0.394,1
*u_skin2,u,*u_skin2_u,Guangfu,0.098,0.394,1
*i_strange,ei,*i_strange_ei,Guangfu,0.098,0.425,0.459
*-m_blue,ŋ,*-m_blue_ŋ,Guangfu,0.096,0.5,0.081
*-m_man,ŋ,*-m_man_ŋ,Guangfu,0.096,0.5,0.081
*-n_spring,ŋ,*-n_spring_ŋ,Guangfu,0.096,0.5,0.081
ui_to sleep,oi,ui_to sleep_oi,Guangfu,0.096,0.5,0.081
to eat_n,ɪ,to eat_n_ɪ,Guangfu,0.093,0.41,0.676
j_round,j,j_round_j,Guangfu,0.092,0.4,0.865
stone_n,a,stone_n_a,Guangfu,0.092,0.45,0.243
double_m,i,double_m_i,Guangfu,0.091,0.5,0.081
*p_eight,p,*p_eight_p,Guangfu,0.088,0.389,1
white_m,0,white_m_0,Guangfu,0.088,0.389,1
a_eight,ɛ,a_eight_ɛ,Guangfu,0.087,0.444,0.216
ui_ash,u,ui_ash_u,Guangfu,0.086,0.5,0.054
*i_ear,əi,*i_ear_əi,Guangfu,0.086,0.5,0.054
*-p_together/to merge,t,*-p_together/to merge_t,Guangfu,0.086,0.5,0.054
y_tool,oi,y_tool_oi,Guangfu,0.086,0.5,0.054
*y_woman,oi,*y_woman_oi,Guangfu,0.086,0.5,0.054
*-k_horn,0,*-k_horn_0,Guangfu,0.084,0.5,0.054
j_night,h,j_night_h,Guangfu,0.084,0.5,0.054
a_white,ɐ,a_white_ɐ,Guangfu,0.084,0.5,0.054
*i_floor/ground,əi,*i_floor/ground_əi,Guangfu,0.082,0.5,0.054
œ_bird_col,ɔ,œ_bird_col_ɔ,Guangfu,0.081,0.455,0.135
fire_m,0,fire_m_0,Guangfu,0.081,0.389,0.946
*-k_stone,k,*-k_stone_k,Guangfu,0.081,0.389,0.946
s_tree,s,s_tree_s,Guangfu,0.081,0.391,0.973
*x_breat,h,*x_breat_h,Guangfu,0.08,0.387,0.973
*ɣ_together/to merge,h,*ɣ_together/to merge_h,Guangfu,0.08,0.387,0.973
*p_north,p,*p_north_p,Guangfu,0.079,0.389,1
s_teacher,s,s_teacher_s,Guangfu,0.079,0.393,0.892
to see_lit_m,0,to see_lit_m_0,Guangfu,0.078,0.398,0.946
*u_lake,u,*u_lake_u,Guangfu,0.077,0.385,1
*g_tool,k,*g_tool_k,Guangfu,0.077,0.385,1
*b_white,p,*b_white_p,Guangfu,0.077,0.385,1
*ɿ_to die,ei,*ɿ_to die_ei,Guangfu,0.076,0.41,0.432
all_m,i,all_m_i,Guangfu,0.073,0.5,0.027
ui_ash,i,ui_ash_i,Guangfu,0.073,0.5,0.027
ɐ_black,ə,ɐ_black_ə,Guangfu,0.073,0.5,0.027
*-k_black,t,*-k_black_t,Guangfu,0.073,0.5,0.027
*x_blood,x,*x_blood_x,Guangfu,0.073,0.5,0.027
s_boat,ʦʰ,s_boat_ʦʰ,Guangfu,0.073,0.5,0.027
boat_m,i,boat_m_i,Guangfu,0.073,0.5,0.027
y_boat,ɔ,y_boat_ɔ,Guangfu,0.073,0.5,0.027
*-p_duck,k,*-p_duck_k,Guangfu,0.073,0.5,0.027
*-p_enter,ʔ,*-p_enter_ʔ,Guangfu,0.073,0.5,0.027
*ŋ_five,h,*ŋ_five_h,Guangfu,0.073,0.5,0.027
*-k_green,ʔ,*-k_green_ʔ,Guangfu,0.073,0.5,0.027
f_hair_head,n,f_hair_head_n,Guangfu,0.073,0.5,0.027
*-t_hair_head,n,*-t_hair_head_n,Guangfu,0.073,0.5,0.027
*ɲ_hot,n,*ɲ_hot_n,Guangfu,0.073,0.5,0.027
*-t_hot,ʔ,*-t_hot_ʔ,Guangfu,0.073,0.5,0.027
*ŋ_I,w,*ŋ_I_w,Guangfu,0.073,0.5,0.027
*ɣ_lake,ʋ,*ɣ_lake_ʋ,Guangfu,0.073,0.5,0.027
*-k_leg,0,*-k_leg_0,Guangfu,0.073,0.5,0.027
tsʰ_long,ʧʰ,tsʰ_long_ʧʰ,Guangfu,0.073,0.5,0.027
*-t_moon,ʔ,*-t_moon_ʔ,Guangfu,0.073,0.5,0.027
ɐ_north,ɐ,ɐ_north_ɐ,Guangfu,0.073,0.392,0.838
y_rain,ɵy,y_rain_ɵy,Guangfu,0.073,0.5,0.027
*x_red,x,*x_red_x,Guangfu,0.073,0.5,0.027
*-k_six,ʔ,*-k_six_ʔ,Guangfu,0.073,0.5,0.027
f_skin2,h,f_skin2_h,Guangfu,0.073,0.5,0.027
i_smoke,y,i_smoke_y,Guangfu,0.073,0.5,0.027
*-p_ten,ʔ,*-p_ten_ʔ,Guangfu,0.073,0.5,0.027
*-k_to eat,ʔ,*-k_to eat_ʔ,Guangfu,0.073,0.5,0.027
ɔ_to speak_col,o,ɔ_to speak_col_o,Guangfu,0.073,0.5,0.027
ɐ_together/to merge,o,ɐ_together/to merge_o,Guangfu,0.073,0.5,0.027
ɐ_tomb,ɐ,ɐ_tomb_ɐ,Guangfu,0.073,0.391,0.973
*y_woman,i,*y_woman_i,Guangfu,0.073,0.5,0.027
ɐi_chicken,ɔ,ɐi_chicken_ɔ,Guangfu,0.071,0.5,0.027
ɐ_north,ə,ɐ_north_ə,Guangfu,0.071,0.5,0.027
*-k_north,t,*-k_north_t,Guangfu,0.071,0.5,0.027
*x_red,h,*x_red_h,Guangfu,0.071,0.385,0.946
y_round,ɔ,y_round_ɔ,Guangfu,0.071,0.5,0.027
*kʰ_to stand,h,*kʰ_to stand_h,Guangfu,0.071,0.5,0.027
s_tree,ʦʰ,s_tree_ʦʰ,Guangfu,0.071,0.5,0.027
bird_lit_m,0,bird_lit_m_0,Guangfu,0.07,0.389,1
*i_fat,ɿ,*i_fat_ɿ,Guangfu,0.069,0.5,0.027
s_history,ʃ,s_history_ʃ,Guangfu,0.069,0.5,0.027
nine_m,0,nine_m_0,Guangfu,0.069,0.385,1
ts_pig,ʦ,ts_pig_ʦ,Guangfu,0.069,0.383,0.973
s_to sleep,s,s_to sleep_s,Guangfu,0.069,0.383,0.973
œ_leg,ɔ,œ_leg_ɔ,Guangfu,0.068,0.444,0.108
s_lice,s,s_lice_s,Guangfu,0.068,0.381,1
*tʰ_soil/earth,tʰ,*tʰ_soil/earth_tʰ,Guangfu,0.068,0.381,1
h_to see_lit,x,h_to see_lit_x,Guangfu,0.067,0.5,0.027
to eat_n,ɐ,to eat_n_ɐ,Guangfu,0.066,0.444,0.108
*i_you,i,*i_you_i,Guangfu,0.064,0.406,0.351
s_water,s,s_water_s,Guangfu,0.061,0.383,0.973
j_leaf,j,j_leaf_j,Guangfu,0.06,0.386,0.865
ai_big,ai,ai_big_ai,Guangfu,0.059,0.379,0.973
*d_floor/ground,t,*d_floor/ground_t,Guangfu,0.059,0.385,1
I_m,0,I_m_0,Guangfu,0.059,0.379,0.973
s_stone,s,s_stone_s,Guangfu,0.059,0.379,0.973
breast_m,0,breast_m_0,Guangfu,0.058,0.378,1
*ŋ_five,ŋ̩,*ŋ_five_ŋ̩,Guangfu,0.058,0.387,0.649
s_sand,s,s_sand_s,Guangfu,0.058,0.378,1
iu_small_lit,iu,iu_small_lit_iu,Guangfu,0.058,0.378,1
*k_to speak_col,k,*k_to speak_col_k,Guangfu,0.058,0.378,1
*ɿ_teacher,i,*ɿ_teacher_i,Guangfu,0.055,0.39,0.622
au_claws,au,au_claws_au,Guangfu,0.054,0.378,0.919
stone_m,i,stone_m_i,Guangfu,0.054,0.4,0.324
*-n_cloud,ŋ,*-n_cloud_ŋ,Guangfu,0.053,0.429,0.081
*-n_dry,ŋ,*-n_dry_ŋ,Guangfu,0.053,0.429,0.081
*-n_liver,ŋ,*-n_liver_ŋ,Guangfu,0.053,0.429,0.081
*-n_new,ŋ,*-n_new_ŋ,Guangfu,0.053,0.429,0.081
*-n_person,ŋ,*-n_person_ŋ,Guangfu,0.053,0.429,0.081
*d_big,t,*d_big_t,Guangfu,0.052,0.376,0.946
i_hot,i,i_hot_i,Guangfu,0.051,0.379,0.973
*-u-_light,w,*-u-_light_w,Guangfu,0.051,0.388,0.514
*m_hair_body,m,*m_hair_body_m,Guangfu,0.05,0.375,0.973
*m_horse,m,*m_horse_m,Guangfu,0.05,0.375,0.973
*i_to stand,ɐi,*i_to stand_ɐi,Guangfu,0.05,0.429,0.081
i_two,i,i_two_i,Guangfu,0.05,0.375,0.973
*i_four,i,*i_four_i,Guangfu,0.049,0.394,0.351
s_mouse/rat,s,s_mouse/rat_s,Guangfu,0.049,0.378,1
s_mountain,s,s_mountain_s,Guangfu,0.048,0.374,1
s_to kill,s,s_to kill_s,Guangfu,0.048,0.374,1
*-n_tomb,ŋ,*-n_tomb_ŋ,Guangfu,0.047,0.429,0.081
*-k_to eat,k,*-k_to eat_k,Guangfu,0.046,0.375,0.892
ɔ_I,ɔ,ɔ_I_ɔ,Guangfu,0.045,0.377,0.784
*-n_to see_lit,ŋ,*-n_to see_lit_ŋ,Guangfu,0.045,0.429,0.081
j_smoke,j,j_smoke_j,Guangfu,0.044,0.374,0.919
ui_ash,ui,ui_ash_ui,Guangfu,0.042,0.375,0.811
s_double,s,s_double_s,Guangfu,0.042,0.379,0.973
i_leaf,i,i_leaf_i,Guangfu,0.042,0.379,0.973
s_snake,s,s_snake_s,Guangfu,0.042,0.372,0.946
*-k_white,k,*-k_white_k,Guangfu,0.042,0.372,0.946
s_to eat,s,s_to eat_s,Guangfu,0.04,0.371,0.973
*k_horn,k,*k_horn_k,Guangfu,0.039,0.374,1
night_m,0,night_m_0,Guangfu,0.039,0.374,1
round_m,0,round_m_0,Guangfu,0.039,0.374,1
ash_m,0,ash_m_0,Guangfu,0.038,0.37,1
a_flower,a,a_flower_a,Guangfu,0.038,0.37,1
full_m,0,full_m_0,Guangfu,0.038,0.37,1
*a_horse,a,*a_horse_a,Guangfu,0.038,0.37,1
lice_m,0,lice_m_0,Guangfu,0.038,0.37,1
tsʰ_out,ʦʰ,tsʰ_out_ʦʰ,Guangfu,0.038,0.37,1
a_sand,a,a_sand_a,Guangfu,0.038,0.37,1
tsʰ_spring,ʦʰ,tsʰ_spring_ʦʰ,Guangfu,0.038,0.37,1
*a_three,a,*a_three_a,Guangfu,0.038,0.37,1
iu_to burn,iu,iu_to burn_iu,Guangfu,0.038,0.37,1
i_tooth2,i,i_tooth2_i,Guangfu,0.038,0.37,1
s_history,s,s_history_s,Guangfu,0.037,0.378,0.919
*ɿ_history,i,*ɿ_history_i,Guangfu,0.037,0.383,0.622
au_to bite,ɛu,au_to bite_ɛu,Guangfu,0.036,0.4,0.108
s_boat,s,s_boat_s,Guangfu,0.034,0.37,0.919
*-k_north,k,*-k_north_k,Guangfu,0.033,0.372,0.946
to sit_m,0,to sit_m_0,Guangfu,0.033,0.372,0.946
ɐ_together/to merge,ɔ,ɐ_together/to merge_ɔ,Guangfu,0.033,0.385,0.27
a_blue,a,a_blue_a,Guangfu,0.03,0.367,0.973
ou_good,u,ou_good_u,Guangfu,0.03,0.4,0.054
ou_hair_body,ɔ,ou_hair_body_ɔ,Guangfu,0.03,0.4,0.054
s_hand,s,s_hand_s,Guangfu,0.03,0.367,0.973
*-p_leaf,p,*-p_leaf_p,Guangfu,0.03,0.372,0.865
*-k_leg,k,*-k_leg_k,Guangfu,0.03,0.367,0.973
many_m,0,many_m_0,Guangfu,0.03,0.367,0.973
Spring_m,u,Spring_m_u,Guangfu,0.03,0.4,0.054
s_ten,s,s_ten_s,Guangfu,0.03,0.367,0.973
s_to burn,s,s_to burn_s,Guangfu,0.03,0.367,0.973
i_to fly,əi,i_to fly_əi,Guangfu,0.03,0.4,0.054
tsʰ_tooth2,ʦʰ,tsʰ_tooth2_ʦʰ,Guangfu,0.03,0.367,0.973
*ɲ_two,ŋ,*ɲ_two_ŋ,Guangfu,0.03,0.4,0.054
one_m,0,one_m_0,Guangfu,0.029,0.37,1
*a_summer,a,*a_summer_a,Guangfu,0.029,0.374,1
*-ŋ_breast,ŋ,*-ŋ_breast_ŋ,Guangfu,0.028,0.366,1
*-ŋ_light,ŋ,*-ŋ_light_ŋ,Guangfu,0.028,0.366,1
ŋ_long,ŋ,ŋ_long_ŋ,Guangfu,0.028,0.366,1
out_m,0,out_m_0,Guangfu,0.028,0.366,1
to drink_m,0,to drink_m_0,Guangfu,0.028,0.366,1
*-ŋ_to think,ŋ,*-ŋ_to think_ŋ,Guangfu,0.028,0.366,1
together_to merge_m,0,together_to merge_m_0,Guangfu,0.028,0.366,1
*i_ear,i,*i_ear_i,Guangfu,0.027,0.367,0.892
au_to bite,au,au_to bite_au,Guangfu,0.027,0.367,0.892
y_to go,oi,y_to go_oi,Guangfu,0.027,0.4,0.054
*i_four,ɐi,*i_four_ɐi,Guangfu,0.026,0.385,0.135
ou_hair_body,ɐu,ou_hair_body_ɐu,Guangfu,0.026,0.385,0.135
*i_tail,ɐi,*i_tail_ɐi,Guangfu,0.026,0.385,0.135
f_tomb,f,f_tomb_f,Guangfu,0.025,0.372,0.946
a_to kill,a,a_to kill_a,Guangfu,0.024,0.366,0.919
*-k_bird_col,k,*-k_bird_col_k,Guangfu,0.022,0.365,0.946
*-k_black,k,*-k_black_k,Guangfu,0.022,0.365,0.946
ɐ_black,a,ɐ_black_a,Guangfu,0.021,0.371,0.351
boat_m,0,boat_m_0,Guangfu,0.021,0.364,0.973
a_duck,a,a_duck_a,Guangfu,0.021,0.364,0.973
a_man,a,a_man_a,Guangfu,0.021,0.364,0.973
h_to go,h,h_to go_h,Guangfu,0.021,0.367,0.973
j_to swim,j,j_to swim_j,Guangfu,0.021,0.367,0.973
*a_tooth1,a,*a_tooth1_a,Guangfu,0.021,0.364,0.973
claws_m,0,claws_m_0,Guangfu,0.019,0.363,1
enter_m,0,enter_m_0,Guangfu,0.019,0.363,1
*i_floor/ground,ɐi,*i_floor/ground_ɐi,Guangfu,0.019,0.385,0.135
green_m,0,green_m_0,Guangfu,0.019,0.363,1
heart_m,0,heart_m_0,Guangfu,0.019,0.363,1
*-t_knee,t,*-t_knee_t,Guangfu,0.019,0.364,0.865
leaf_m,0,leaf_m_0,Guangfu,0.019,0.366,1
moon_m,0,moon_m_0,Guangfu,0.019,0.363,1
new_m,0,new_m_0,Guangfu,0.019,0.363,1
person_m,0,person_m_0,Guangfu,0.019,0.363,1
seven_m,0,seven_m_0,Guangfu,0.019,0.363,1
six_m,0,six_m_0,Guangfu,0.019,0.363,1
sun_m,0,sun_m_0,Guangfu,0.019,0.363,1
to see_col_m,0,to see_col_m_0,Guangfu,0.019,0.363,1
*-ŋ_to speak_col,ŋ,*-ŋ_to speak_col_ŋ,Guangfu,0.019,0.363,1
*i_strange,i,*i_strange_i,Guangfu,0.018,0.367,0.486
*ŋ_I,ŋ,*ŋ_I_ŋ,Guangfu,0.017,0.363,0.892
a_mountain ,a,a_mountain _a,Guangfu,0.017,0.363,0.892
j_night,j,j_night_j,Guangfu,0.016,0.366,0.919
*-n_root,ŋ,*-n_root_ŋ,Guangfu,0.015,0.375,0.081
i_smoke,i,i_smoke_i,Guangfu,0.015,0.362,0.919
*m_tail,m,*m_tail_m,Guangfu,0.015,0.362,0.919
*-k_horn,k,*-k_horn_k,Guangfu,0.013,0.365,0.946
Summer_c,0,Summer_c_0,Guangfu,0.01,0.366,1
Autumn_m,0,Autumn_m_0,Guangfu,0.009,0.363,1
fish_c,0,fish_c_0,Guangfu,0.009,0.359,1
flower_m,0,flower_m_0,Guangfu,0.009,0.359,1
good_m,0,good_m_0,Guangfu,0.009,0.359,1
hot_m,0,hot_m_0,Guangfu,0.009,0.359,1
knee_m,0,knee_m_0,Guangfu,0.009,0.359,1
*k_light,k,*k_light_k,Guangfu,0.009,0.359,1
love_m,0,love_m_0,Guangfu,0.009,0.363,1
meat_m,0,meat_m_0,Guangfu,0.009,0.359,1
mouse_rat_m,0,mouse_rat_m_0,Guangfu,0.009,0.363,1
mouse_rat_c,0,mouse_rat_c_0,Guangfu,0.009,0.363,1
nose_m,0,nose_m_0,Guangfu,0.009,0.359,1
pig_c,0,pig_c_0,Guangfu,0.009,0.359,1
rain_c,0,rain_c_0,Guangfu,0.009,0.359,1
*-ŋ_red,ŋ,*-ŋ_red_ŋ,Guangfu,0.009,0.359,1
root_m,0,root_m_0,Guangfu,0.009,0.359,1
sand_m,0,sand_m_0,Guangfu,0.009,0.359,1
small_col_m,0,small_col_m_0,Guangfu,0.009,0.363,1
smoke_m,0,smoke_m_0,Guangfu,0.009,0.359,1
soil_earth_m,0,soil_earth_m_0,Guangfu,0.009,0.359,1
teacher_m,0,teacher_m_0,Guangfu,0.009,0.363,1
ten_m,0,ten_m_0,Guangfu,0.009,0.359,1
to bite_m,0,to bite_m_0,Guangfu,0.009,0.359,1
to burn_m,0,to burn_m_0,Guangfu,0.009,0.359,1
f_to fly,f,f_to fly_f,Guangfu,0.009,0.359,1
*k_to see_col,k,*k_to see_col_k,Guangfu,0.009,0.359,1
to sleep_m,0,to sleep_m_0,Guangfu,0.009,0.359,1
to swim_m,0,to swim_m_0,Guangfu,0.009,0.363,1
to walk_m,0,to walk_m_0,Guangfu,0.009,0.359,1
tool_m,0,tool_m_0,Guangfu,0.009,0.359,1
tool_c,0,tool_c_0,Guangfu,0.009,0.359,1
woman_c,0,woman_c_0,Guangfu,0.009,0.359,1
*-p_enter,p,*-p_enter_p,Guangfu,0.006,0.358,0.919
*-n_liver,n,*-n_liver_n,Guangfu,0.006,0.358,0.919
*ɣ_lake,f,*ɣ_lake_f,Guangfu,0.005,0.36,0.243
Spring_m,0,Spring_m_0,Guangfu,0.004,0.357,0.946
*i_fat,i,*i_fat_i,Guangfu,0.003,0.364,0.973
all_m,0,all_m_0,Guangfu,0.002,0.356,0.973
*x_black,h,*x_black_h,Guangfu,0.002,0.356,0.973
blood_m,0,blood_m_0,Guangfu,0.002,0.356,0.973
*-k_green,k,*-k_green_k,Guangfu,0.002,0.356,0.973
*kʰ_mouth,h,*kʰ_mouth_h,Guangfu,0.002,0.36,0.973
*i_nose,i,*i_nose_i,Guangfu,0.002,0.357,0.27
village_m,0,village_m_0,Guangfu,0.002,0.356,0.973
yellow_m,0,yellow_m_0,Guangfu,0.002,0.356,0.973
*-ŋ_yellow,ŋ,*-ŋ_yellow_ŋ,Guangfu,0.002,0.356,0.973
ou_good,ɐu,ou_good_ɐu,Guangfu,0.001,0.357,0.135
*k_bone,k,*k_bone_k,Guangfu,0,0.356,1
*k_chicken,k,*k_chicken_k,Guangfu,0,0.359,1
*-ŋ_cold,ŋ,*-ŋ_cold_ŋ,Guangfu,0,0.356,1
dog_o,k,dog_o_k,Guangfu,0,0.356,1
*k_dry,k,*k_dry_k,Guangfu,0,0.356,1
*k_liver,k,*k_liver_k,Guangfu,0,0.356,1
*-ŋ_winter,ŋ,*-ŋ_winter_ŋ,Guangfu,0,0.356,1
*-m_blue,m,*-m_blue_m,Guangfu,-0.002,0.355,0.892
*m_full,m,*m_full_m,Guangfu,-0.002,0.355,0.892
*-m_man,m,*-m_man_m,Guangfu,-0.002,0.355,0.892
*-n_dry,n,*-n_dry_n,Guangfu,-0.004,0.354,0.919
*-n_root,n,*-n_root_n,Guangfu,-0.004,0.354,0.919
ts_fat,ʦ,ts_fat_ʦ,Guangfu,-0.005,0.361,0.946
*ɣ_yellow,v,*ɣ_yellow_v,Guangfu,-0.006,0.35,0.189
*-ŋ_double,ŋ,*-ŋ_double_ŋ,Guangfu,-0.007,0.36,0.973
tomb_m,0,tomb_m_0,Guangfu,-0.007,0.36,0.973
*l_blue,l,*l_blue_l,Guangfu,-0.008,0.353,0.973
u_full,u,u_full_u,Guangfu,-0.008,0.352,0.838
*x_good,h,*x_good_h,Guangfu,-0.008,0.353,0.973
*l_green,l,*l_green_l,Guangfu,-0.008,0.353,0.973
*-k_meat,k,*-k_meat_k,Guangfu,-0.008,0.353,0.973
*-k_six,k,*-k_six_k,Guangfu,-0.008,0.353,0.973
f_skin2,f,f_skin2_f,Guangfu,-0.008,0.353,0.973
i_to see_col,i,i_to see_col_i,Guangfu,-0.01,0.352,0.865
*-p_duck,p,*-p_duck_p,Guangfu,-0.011,0.351,0.892
*-n_cloud,n,*-n_cloud_n,Guangfu,-0.013,0.351,0.919
*-m_heart,m,*-m_heart_m,Guangfu,-0.013,0.351,0.919
*-n_new,n,*-n_new_n,Guangfu,-0.013,0.351,0.919
*-n_person,n,*-n_person_n,Guangfu,-0.013,0.351,0.919
*-m_to drink,m,*-m_to drink_m,Guangfu,-0.013,0.351,0.919
ai_big,a,ai_big_a,Guangfu,-0.014,0.333,0.027
*x_black,x,*x_black_x,Guangfu,-0.014,0.333,0.027
blood_m,i,blood_m_i,Guangfu,-0.014,0.333,0.027
s_boat,ʦ,s_boat_ʦ,Guangfu,-0.014,0.333,0.027
*x_breat,x,*x_breat_x,Guangfu,-0.014,0.333,0.027
*ŋ_five,0,*ŋ_five_0,Guangfu,-0.014,0.333,0.027
u_full,a,u_full_a,Guangfu,-0.014,0.333,0.027
s_hand,ʃ,s_hand_ʃ,Guangfu,-0.014,0.333,0.027
ɔ_I,o,ɔ_I_o,Guangfu,-0.014,0.333,0.027
*n_man,n,*n_man_n,Guangfu,-0.014,0.349,0.784
s_snake,ʃ,s_snake_ʃ,Guangfu,-0.014,0.333,0.027
s_stone,ʃ,s_stone_ʃ,Guangfu,-0.014,0.333,0.027
s_ten,ʃ,s_ten_ʃ,Guangfu,-0.014,0.333,0.027
s_to burn,ʃ,s_to burn_ʃ,Guangfu,-0.014,0.333,0.027
s_to eat,ʃ,s_to eat_ʃ,Guangfu,-0.014,0.333,0.027
s_to sleep,ʃ,s_to sleep_ʃ,Guangfu,-0.014,0.333,0.027
*ɣ_together/to merge,x,*ɣ_together/to merge_x,Guangfu,-0.014,0.333,0.027
tsʰ_tooth2,ʧʰ,tsʰ_tooth2_ʧʰ,Guangfu,-0.014,0.333,0.027
y_village,ɵ,y_village_ɵ,Guangfu,-0.014,0.333,0.027
ɐi_west,ɔi,ɐi_west_ɔi,Guangfu,-0.014,0.333,0.027
yellow_m,u,yellow_m_u,Guangfu,-0.014,0.333,0.027
ɔ_yellow,a,ɔ_yellow_a,Guangfu,-0.014,0.333,0.027
f_hair_head,f,f_hair_head_f,Guangfu,-0.015,0.35,0.946
*u_abdomen,ɔu,*u_abdomen_ɔu,Guangfu,-0.016,0.333,0.027
*-p_enter,t,*-p_enter_t,Guangfu,-0.016,0.333,0.054
ou_good,əu,ou_good_əu,Guangfu,-0.016,0.333,0.054
ou_hair_body,u,ou_hair_body_u,Guangfu,-0.016,0.333,0.054
*-m_heart,n,*-m_heart_n,Guangfu,-0.016,0.333,0.054
ɐ_knee,ɛ,ɐ_knee_ɛ,Guangfu,-0.016,0.333,0.027
*-u-_light,0,*-u-_light_0,Guangfu,-0.016,0.346,0.486
ɔi_love,ɵy,ɔi_love_ɵy,Guangfu,-0.016,0.333,0.027
*kʰ_mouth,x,*kʰ_mouth_x,Guangfu,-0.016,0.333,0.027
ɐi_small_col,ɔi,ɐi_small_col_ɔi,Guangfu,-0.016,0.333,0.027
ɵ_spring,u,ɵ_spring_u,Guangfu,-0.016,0.333,0.054
s_teacher,θ,s_teacher_θ,Guangfu,-0.016,0.333,0.027
*-p_ten,t,*-p_ten_t,Guangfu,-0.016,0.333,0.054
*-m_to drink,n,*-m_to drink_n,Guangfu,-0.016,0.333,0.054
to go_m,0,to go_m_0,Guangfu,-0.016,0.353,0.973
y_to go,i,y_to go_i,Guangfu,-0.016,0.333,0.027
y_to go,ɔi,y_to go_ɔi,Guangfu,-0.016,0.333,0.027
to go_c,0,to go_c_0,Guangfu,-0.016,0.353,0.973
ui_water,u,ui_water_u,Guangfu,-0.016,0.333,0.027
ui_water,y,ui_water_y,Guangfu,-0.016,0.333,0.027
ui_water,ɔi,ui_water_ɔi,Guangfu,-0.016,0.333,0.027
history_m,0,history_m_0,Guangfu,-0.017,0.356,0.973
*l_road,l,*l_road_l,Guangfu,-0.017,0.35,0.973
*l_six,l,*l_six_l,Guangfu,-0.017,0.35,0.973
*n_bird_lit,ɲ,*n_bird_lit_ɲ,Guangfu,-0.018,0.333,0.027
ts_fat,ʧ,ts_fat_ʧ,Guangfu,-0.018,0.333,0.027
*-t_hair_head,t,*-t_hair_head_t,Guangfu,-0.018,0.348,0.838
œ_long,ɐ,œ_long_ɐ,Guangfu,-0.018,0.333,0.027
*ɣ_summer,x,*ɣ_summer_x,Guangfu,-0.018,0.333,0.027
stone_n,ɐ,stone_n_ɐ,Guangfu,-0.019,0.333,0.054
*i_to stand,əi,*i_to stand_əi,Guangfu,-0.019,0.333,0.054
*-t_bone,t,*-t_bone_t,Guangfu,-0.021,0.347,0.892
*-t_out,t,*-t_out_t,Guangfu,-0.021,0.347,0.892
*i_skin1,ɐi,*i_skin1_ɐi,Guangfu,-0.021,0.333,0.135
*-p_ten,p,*-p_ten_p,Guangfu,-0.021,0.347,0.892
to eat_n,ə,to eat_n_ə,Guangfu,-0.021,0.333,0.081
*-p_together/to merge,p,*-p_together/to merge_p,Guangfu,-0.021,0.347,0.892
five_c,0,five_c_0,Guangfu,-0.022,0.347,0.919
*-n_full,n,*-n_full_n,Guangfu,-0.022,0.347,0.919
*-n_spring,n,*-n_spring_n,Guangfu,-0.022,0.347,0.919
*n_bird_lit,nd,*n_bird_lit_nd,Guangfu,-0.024,0.333,0.081
*-t_moon,t,*-t_moon_t,Guangfu,-0.024,0.347,0.946
*k_root,k,*k_root_k,Guangfu,-0.024,0.347,0.946
*-n_round,n,*-n_round_n,Guangfu,-0.024,0.35,0.946
*i_to stand,i,*i_to stand_i,Guangfu,-0.025,0.341,0.378
*-t_to kill,t,*-t_to kill_t,Guangfu,-0.027,0.344,0.838
*-m_three,m,*-m_three_m,Guangfu,-0.028,0.344,0.865
i_to fly,i,i_to fly_i,Guangfu,-0.028,0.333,0.27
*-t_one,t,*-t_one_t,Guangfu,-0.029,0.347,0.892
*i_skin1,i,*i_skin1_i,Guangfu,-0.029,0.333,0.297
*-n_to see_lit,n,*-n_to see_lit_n,Guangfu,-0.029,0.355,0.892
*-t_lice,t,*-t_lice_t,Guangfu,-0.03,0.344,0.892
*-t_sun,t,*-t_sun_t,Guangfu,-0.03,0.344,0.892
*-t_hot,t,*-t_hot_t,Guangfu,-0.032,0.343,0.919
*-n_boat,n,*-n_boat_n,Guangfu,-0.033,0.343,0.946
ɵ_out,ɐ,ɵ_out_ɐ,Guangfu,-0.036,0.339,0.541
stone_m,0,stone_m_0,Guangfu,-0.036,0.338,0.676
*-t_seven,t,*-t_seven_t,Guangfu,-0.038,0.34,0.865
*-n_tomb,n,*-n_tomb_n,Guangfu,-0.038,0.347,0.892
*-t_blood,t,*-t_blood_t,Guangfu,-0.04,0.34,0.919
ɐ_black,ɐ,ɐ_black_ɐ,Guangfu,-0.041,0.333,0.568
w_cloud,v,w_cloud_v,Guangfu,-0.041,0.318,0.189
ɵ_spring,ɐ,ɵ_spring_ɐ,Guangfu,-0.041,0.333,0.568
*-t_eight,t,*-t_eight_t,Guangfu,-0.043,0.337,0.811
*-n_eye,n,*-n_eye_n,Guangfu,-0.043,0.337,0.811
*-n_mountain,n,*-n_mountain_n,Guangfu,-0.043,0.337,0.811
*0_love,0,*0_love_0,Guangfu,-0.047,0.34,0.892
*m_full,mb,*m_full_mb,Guangfu,-0.048,0.3,0.081
*m_tail,mb,*m_tail_mb,Guangfu,-0.048,0.3,0.081
*n_you,nd,*n_you_nd,Guangfu,-0.048,0.3,0.081
*ɿ_history,ɐi,*ɿ_history_ɐi,Guangfu,-0.049,0.316,0.162
*-n_all,n,*-n_all_n,Guangfu,-0.05,0.337,0.919
*-n_smoke,n,*-n_smoke_n,Guangfu,-0.05,0.337,0.919
*-n_village,n,*-n_village_n,Guangfu,-0.05,0.337,0.919
*k_leg,k,*k_leg_k,Guangfu,-0.054,0.333,0.838
ɔ_dry,o,ɔ_dry_o,Guangfu,-0.055,0.286,0.054
*ɲ_ear,ŋg,*ɲ_ear_ŋg,Guangfu,-0.055,0.286,0.054
*ɲ_fish,ŋg,*ɲ_fish_ŋg,Guangfu,-0.055,0.286,0.054
*i_four,əi,*i_four_əi,Guangfu,-0.055,0.286,0.054
ou_hair_body,əu,ou_hair_body_əu,Guangfu,-0.055,0.286,0.054
a_hair_head,a,a_hair_head_a,Guangfu,-0.055,0.333,0.865
*i_skin1,əi,*i_skin1_əi,Guangfu,-0.055,0.286,0.054
*i_strange,ɐi,*i_strange_ɐi,Guangfu,-0.055,0.286,0.054
*i_tail,i,*i_tail_i,Guangfu,-0.055,0.312,0.27
*ɲ_two,ŋg,*ɲ_two_ŋg,Guangfu,-0.055,0.286,0.054
*0_duck,0,*0_duck_0,Guangfu,-0.057,0.333,0.892
to sit_m,u,to sit_m_u,Guangfu,-0.058,0.286,0.054
*u_abdomen,u,*u_abdomen_u,Guangfu,-0.06,0.317,0.351
h_to see_lit,h,h_to see_lit_h,Guangfu,-0.064,0.34,0.865
*-n_to see_col,n,*-n_to see_col_n,Guangfu,-0.065,0.33,0.892
*n_woman,n,*n_woman_n,Guangfu,-0.066,0.325,0.73
*n_bird_lit,n,*n_bird_lit_n,Guangfu,-0.067,0.329,0.622
*u_road,u,*u_road_u,Guangfu,-0.067,0.31,0.351
*u_soil_earth,u,*u_soil_earth_u,Guangfu,-0.067,0.31,0.351
*n_you,n,*n_you_n,Guangfu,-0.074,0.321,0.703
œ_bird_col,ɐ,œ_bird_col_ɐ,Guangfu,-0.076,0.25,0.027
*-m_blue,n,*-m_blue_n,Guangfu,-0.076,0.25,0.027
*-p_duck,t,*-p_duck_t,Guangfu,-0.076,0.25,0.027
*i_ear,ei,*i_ear_ei,Guangfu,-0.076,0.25,0.027
ɐ_enter,i,ɐ_enter_i,Guangfu,-0.076,0.25,0.027
*h_fire,w,*h_fire_w,Guangfu,-0.076,0.25,0.027
*-m_man,n,*-m_man_n,Guangfu,-0.076,0.25,0.027
*u_road,ɔu,*u_road_ɔu,Guangfu,-0.076,0.25,0.027
s_snake,ʦ,s_snake_ʦ,Guangfu,-0.076,0.25,0.027
*u_soil_earth,ɔu,*u_soil_earth_ɔu,Guangfu,-0.076,0.25,0.027
*-k_stone,ʔ,*-k_stone_ʔ,Guangfu,-0.076,0.25,0.027
ɐ_sun,i,ɐ_sun_i,Guangfu,-0.076,0.25,0.027
ɐ_ten,ɔ,ɐ_ten_ɔ,Guangfu,-0.076,0.25,0.027
*-m_three,n,*-m_three_n,Guangfu,-0.076,0.25,0.027
ui_to sleep,u,ui_to sleep_u,Guangfu,-0.076,0.25,0.027
i_two,ei,i_two_ei,Guangfu,-0.076,0.25,0.027
ɵ_out,u,ɵ_out_u,Guangfu,-0.078,0.25,0.027
s_water,ʃ,s_water_ʃ,Guangfu,-0.078,0.25,0.027
s_history,θ,s_history_θ,Guangfu,-0.08,0.25,0.027
to eat_n,ɛ,to eat_n_ɛ,Guangfu,-0.085,0.278,0.135
*i_tail,əi,*i_tail_əi,Guangfu,-0.089,0.25,0.054
*ɿ_to die,əi,*ɿ_to die_əi,Guangfu,-0.089,0.25,0.054
*i_you,əi,*i_you_əi,Guangfu,-0.089,0.25,0.054
j_leaf,h,j_leaf_h,Guangfu,-0.092,0.267,0.108
*i_you,ɐi,*i_you_ɐi,Guangfu,-0.1,0.25,0.081
*i_floor/ground,i,*i_floor/ground_i,Guangfu,-0.103,0.286,0.27
a_eight,a,a_eight_a,Guangfu,-0.107,0.303,0.622
*-p_leaf,t,*-p_leaf_t,Guangfu,-0.112,0.25,0.108
i_to see_col,ɛ,i_to see_col_ɛ,Guangfu,-0.119,0.222,0.054
*n_woman,nd,*n_woman_nd,Guangfu,-0.119,0.222,0.054
ɔi_love,ui,ɔi_love_ui,Guangfu,-0.122,0.222,0.054
*-k_to eat,t,*-k_to eat_t,Guangfu,-0.122,0.231,0.081
i_to fly,ɐi,i_to fly_ɐi,Guangfu,-0.122,0.231,0.081
*-t_bone,ʔ,*-t_bone_ʔ,Guangfu,-0.124,0.2,0.027
*ɲ_enter,z,*ɲ_enter_z,Guangfu,-0.124,0.2,0.027
j_feather,z,j_feather_z,Guangfu,-0.124,0.2,0.027
ɐu_head,ou,ɐu_head_ou,Guangfu,-0.124,0.2,0.027
*ɲ_hot,ŋ,*ɲ_hot_ŋ,Guangfu,-0.124,0.2,0.027
*-t_knee,ʔ,*-t_knee_ʔ,Guangfu,-0.124,0.2,0.027
*-t_lice,ʔ,*-t_lice_ʔ,Guangfu,-0.124,0.2,0.027
ɔ_liver,o,ɔ_liver_o,Guangfu,-0.124,0.2,0.027
*-t_out,ʔ,*-t_out_ʔ,Guangfu,-0.124,0.2,0.027
j_rain,z,j_rain_z,Guangfu,-0.124,0.2,0.027
j_smoke,z,j_smoke_z,Guangfu,-0.124,0.2,0.027
*-t_sun,ʔ,*-t_sun_ʔ,Guangfu,-0.124,0.2,0.027
a_eye,a,a_eye_a,Guangfu,-0.125,0.296,0.649
j_leaf,z,j_leaf_z,Guangfu,-0.126,0.2,0.027
j_night,z,j_night_z,Guangfu,-0.126,0.2,0.027
j_one,z,j_one_z,Guangfu,-0.126,0.2,0.027
*-t_one,ʔ,*-t_one_ʔ,Guangfu,-0.126,0.2,0.027
j_round,z,j_round_z,Guangfu,-0.126,0.2,0.027
ɔ_to sit,ɛ,ɔ_to sit_ɛ,Guangfu,-0.126,0.2,0.027
j_to swim,z,j_to swim_z,Guangfu,-0.126,0.2,0.027
ui_water,œ,ui_water_œ,Guangfu,-0.126,0.2,0.027
*ɿ_history,ɿ,*ɿ_history_ɿ,Guangfu,-0.129,0.2,0.027
œ_to think,ɐ,œ_to think_ɐ,Guangfu,-0.129,0.2,0.027
*ɣ_lake,v,*ɣ_lake_v,Guangfu,-0.143,0.214,0.081
*u_soil_earth,əu,*u_soil_earth_əu,Guangfu,-0.146,0.2,0.054
*ɿ_to die,ɐi,*ɿ_to die_ɐi,Guangfu,-0.146,0.2,0.054
*h_flower,w,*h_flower_w,Guangfu,-0.148,0.227,0.135
*ts_bird_col,ʦʰ,*ts_bird_col_ʦʰ,Guangfu,-0.151,0.25,0.27
ɐ_together/to merge,a,ɐ_together/to merge_a,Guangfu,-0.156,0.233,0.189
ou_good,au,ou_good_au,Guangfu,-0.162,0.2,0.081
ou_hair_body,au,ou_hair_body_au,Guangfu,-0.162,0.2,0.081
*-k_black,ʔ,*-k_black_ʔ,Guangfu,-0.163,0.167,0.027
ɐu_cow,ou,ɐu_cow_ou,Guangfu,-0.163,0.167,0.027
u_full,ɔ,u_full_ɔ,Guangfu,-0.163,0.167,0.027
ou_hair_body,ɔu,ou_hair_body_ɔu,Guangfu,-0.163,0.167,0.027
ɐu_hand,ou,ɐu_hand_ou,Guangfu,-0.163,0.167,0.027
*ɲ_hot,ŋg,*ɲ_hot_ŋg,Guangfu,-0.163,0.167,0.027
œ_leg,ɐ,œ_leg_ɐ,Guangfu,-0.163,0.167,0.027
many_m,u,many_m_u,Guangfu,-0.163,0.167,0.027
*ɲ_moon,ŋg,*ɲ_moon_ŋg,Guangfu,-0.163,0.167,0.027
a_mountain ,ɛ,a_mountain _ɛ,Guangfu,-0.163,0.167,0.027
*-t_seven,ʔ,*-t_seven_ʔ,Guangfu,-0.163,0.167,0.027
a_to kill,ɛ,a_to kill_ɛ,Guangfu,-0.163,0.167,0.027
ui_to sleep,œ,ui_to sleep_œ,Guangfu,-0.163,0.167,0.027
*y_woman,u,*y_woman_u,Guangfu,-0.163,0.167,0.027
ɐ_north,a,ɐ_north_a,Guangfu,-0.165,0.211,0.108
s_teacher,ɬ,s_teacher_ɬ,Guangfu,-0.166,0.2,0.081
*u_road,əu,*u_road_əu,Guangfu,-0.17,0.182,0.054
ɔ_to see_lit,o,ɔ_to see_lit_o,Guangfu,-0.171,0.167,0.027
*u_abdomen,əu,*u_abdomen_əu,Guangfu,-0.173,0.182,0.054
ɔ_dry,a,ɔ_dry_a,Guangfu,-0.192,0.167,0.054
y_village,i,y_village_i,Guangfu,-0.192,0.167,0.054
ɔ_to sit,œ,ɔ_to sit_œ,Guangfu,-0.195,0.167,0.054
au_claws,ɛu,au_claws_ɛu,Guangfu,-0.196,0.143,0.027
ɐ_cloud,ə,ɐ_cloud_ə,Guangfu,-0.196,0.143,0.027
ou_good,ɔu,ou_good_ɔu,Guangfu,-0.196,0.143,0.027
*ɐ_root,a,*ɐ_root_a,Guangfu,-0.196,0.143,0.027
s_small_lit,θ,s_small_lit_θ,Guangfu,-0.196,0.143,0.027
s_three,θ,s_three_θ,Guangfu,-0.196,0.143,0.027
ui_to sleep,ɔi,ui_to sleep_ɔi,Guangfu,-0.196,0.143,0.027
s_to think,θ,s_to think_θ,Guangfu,-0.196,0.143,0.027
y_village,ɔ,y_village_ɔ,Guangfu,-0.196,0.143,0.027
*-k_white,ʔ,*-k_white_ʔ,Guangfu,-0.196,0.143,0.027
*-k_north,ʔ,*-k_north_ʔ,Guangfu,-0.199,0.143,0.027
*ɣ_lake,h,*ɣ_lake_h,Guangfu,-0.206,0.182,0.108
snake_m,i,snake_m_i,Guangfu,-0.206,0.182,0.108
œ_double,ɔ,œ_double_ɔ,Guangfu,-0.207,0.22,0.243
fire_m,u,fire_m_u,Guangfu,-0.212,0.154,0.054
ɐu_head,au,ɐu_head_au,Guangfu,-0.212,0.154,0.054
j_rain,h,j_rain_h,Guangfu,-0.22,0.174,0.108
*ŋ_cow,ŋg,*ŋ_cow_ŋg,Guangfu,-0.225,0.125,0.027
*ŋ_eye,ŋg,*ŋ_eye_ŋg,Guangfu,-0.225,0.125,0.027
s_four,θ,s_four_θ,Guangfu,-0.225,0.125,0.027
*m_hair_body,mb,*m_hair_body_mb,Guangfu,-0.225,0.125,0.027
s_heart,θ,s_heart_θ,Guangfu,-0.225,0.125,0.027
*m_horse,mb,*m_horse_mb,Guangfu,-0.225,0.125,0.027
*ŋ_I,ŋg,*ŋ_I_ŋg,Guangfu,-0.225,0.125,0.027
*n_man,nd,*n_man_nd,Guangfu,-0.225,0.125,0.027
s_new,θ,s_new_θ,Guangfu,-0.225,0.125,0.027
ɐ_seven,a,ɐ_seven_a,Guangfu,-0.225,0.125,0.027
*ŋ_to bite,ŋg,*ŋ_to bite_ŋg,Guangfu,-0.225,0.125,0.027
s_to die,θ,s_to die_θ,Guangfu,-0.225,0.125,0.027
*ŋ_tooth1,ŋg,*ŋ_tooth1_ŋg,Guangfu,-0.225,0.125,0.027
s_west,θ,s_west_θ,Guangfu,-0.225,0.125,0.027
ɐ_knee,a,ɐ_knee_a,Guangfu,-0.228,0.125,0.027
j_round,w,j_round_w,Guangfu,-0.228,0.125,0.027
s_small_col,θ,s_small_col_θ,Guangfu,-0.228,0.125,0.027
ɐu_to swim,au,ɐu_to swim_au,Guangfu,-0.228,0.125,0.027
ui_to sleep,ui,ui_to sleep_ui,Guangfu,-0.243,0.211,0.324
*h_ash,h,*h_ash_h,Guangfu,-0.244,0.15,0.081
ɔ_light,o,ɔ_light_o,Guangfu,-0.248,0.133,0.054
*dz_all,tʰ,*dz_all_tʰ,Guangfu,-0.251,0.111,0.027
*ts_bird_col,t,*ts_bird_col_t,Guangfu,-0.251,0.111,0.027
*-u-_bone,0,*-u-_bone_0,Guangfu,-0.251,0.111,0.027
ɐu_hand,au,ɐu_hand_au,Guangfu,-0.251,0.111,0.027
I_m,u,I_m_u,Guangfu,-0.251,0.111,0.027
*-k_stone,t,*-k_stone_t,Guangfu,-0.251,0.111,0.027
ɐu_autumn,au,ɐu_autumn_au,Guangfu,-0.253,0.111,0.027
ɐu_nine,au,ɐu_nine_au,Guangfu,-0.253,0.111,0.027
*d_to sit,tʰ,*d_to sit_tʰ,Guangfu,-0.253,0.111,0.027
ui_water,ui,ui_water_ui,Guangfu,-0.268,0.206,0.351
ui_ash,ɔi,ui_ash_ɔi,Guangfu,-0.273,0.1,0.027
ɔ_dry,œ,ɔ_dry_œ,Guangfu,-0.273,0.1,0.027
ɔ_liver,œ,ɔ_liver_œ,Guangfu,-0.273,0.1,0.027
*ɣ_yellow,ʋ,*ɣ_yellow_ʋ,Guangfu,-0.273,0.1,0.027
ɐu_cow,au,ɐu_cow_au,Guangfu,-0.294,0.091,0.027
ɛ_snake,a,ɛ_snake_a,Guangfu,-0.294,0.091,0.027
j_feather,h,j_feather_h,Guangfu,-0.295,0.111,0.054
ɔi_love,ai,ɔi_love_ai,Guangfu,-0.296,0.091,0.027
ɔ_to see_lit,œ,ɔ_to see_lit_œ,Guangfu,-0.302,0.091,0.027
y_pig,i,y_pig_i,Guangfu,-0.307,0.12,0.081
y_tool,ui,y_tool_ui,Guangfu,-0.307,0.12,0.081
*ŋ_five,ŋ,*ŋ_five_ŋ,Guangfu,-0.308,0.105,0.054
ɛ_night,a,ɛ_night_a,Guangfu,-0.31,0.12,0.081
w_cloud,ʋ,w_cloud_ʋ,Guangfu,-0.313,0.083,0.027
ɐu_mouth,au,ɐu_mouth_au,Guangfu,-0.315,0.083,0.027
y_round,i,y_round_i,Guangfu,-0.315,0.129,0.108
y_fish,i,y_fish_i,Guangfu,-0.321,0.1,0.054
s_small_col,ɬ,s_small_col_ɬ,Guangfu,-0.327,0.149,0.189
ɐu_dog,au,ɐu_dog_au,Guangfu,-0.33,0.077,0.027
liver_m,u,liver_m_u,Guangfu,-0.33,0.077,0.027
s_three,ɬ,s_three_ɬ,Guangfu,-0.331,0.146,0.189
s_four,ɬ,s_four_ɬ,Guangfu,-0.338,0.143,0.189
s_heart,ɬ,s_heart_ɬ,Guangfu,-0.338,0.143,0.189
y_moon,i,y_moon_i,Guangfu,-0.338,0.107,0.081
s_new,ɬ,s_new_ɬ,Guangfu,-0.338,0.143,0.189
s_small_lit,ɬ,s_small_lit_ɬ,Guangfu,-0.338,0.143,0.189
s_to die,ɬ,s_to die_ɬ,Guangfu,-0.338,0.143,0.189
to see_lit_m,u,to see_lit_m_u,Guangfu,-0.338,0.077,0.027
s_to think,ɬ,s_to think_ɬ,Guangfu,-0.338,0.143,0.189
s_west,ɬ,s_west_ɬ,Guangfu,-0.338,0.143,0.189
ɐu_to walk,au,ɐu_to walk_au,Guangfu,-0.346,0.071,0.027
*ɣ_yellow,h,*ɣ_yellow_h,Guangfu,-0.346,0.071,0.027
y_all,i,y_all_i,Guangfu,-0.348,0.103,0.081
y_boat,i,y_boat_i,Guangfu,-0.348,0.103,0.081
s_knee,ɬ,s_knee_ɬ,Guangfu,-0.352,0.13,0.162
dry_m,u,dry_m_u,Guangfu,-0.361,0.067,0.027
y_to go,ui,y_to go_ui,Guangfu,-0.362,0.1,0.081
*d_abdomen,t,*d_abdomen_t,Guangfu,-0.364,0.128,0.162
y_mouse/rat,i,y_mouse/rat_i,Guangfu,-0.371,0.083,0.054
stone_n,ɪ,stone_n_ɪ,Guangfu,-0.371,0.097,0.081
ɔ_yellow,o,ɔ_yellow_o,Guangfu,-0.374,0.062,0.027
y_blood,i,y_blood_i,Guangfu,-0.376,0.094,0.081
y_tree,i,y_tree_i,Guangfu,-0.381,0.08,0.054
a_white,ɛ,a_white_ɛ,Guangfu,-0.39,0.059,0.027
*y_woman,ui,*y_woman_ui,Guangfu,-0.406,0.071,0.054
*d_head,t,*d_head_t,Guangfu,-0.409,0.083,0.081
bird_col_m,i,bird_col_m_i,Guangfu,-0.419,0.091,0.108
tsʰ_seven,tʰ,tsʰ_seven_tʰ,Guangfu,-0.423,0.05,0.027
*h_tiger,h,*h_tiger_h,Guangfu,-0.423,0.05,0.027
long_m,i,long_m_i,Guangfu,-0.426,0.089,0.108
to think_m,i,to think_m_i,Guangfu,-0.426,0.089,0.108
*ɲ_enter,ɲ,*ɲ_enter_ɲ,Guangfu,-0.439,0.075,0.081
leg_m,i,leg_m_i,Guangfu,-0.439,0.085,0.108
*ɲ_to drink,ɲ,*ɲ_to drink_ɲ,Guangfu,-0.439,0.075,0.081
*d_to sit,ʦ,*d_to sit_ʦ,Guangfu,-0.446,0.045,0.027
y_rain,i,y_rain_i,Guangfu,-0.462,0.042,0.027
*ɲ_hot,ɲ,*ɲ_hot_ɲ,Guangfu,-0.464,0.078,0.108
*ɲ_moon,ɲ,*ɲ_moon_ɲ,Guangfu,-0.472,0.067,0.081
*ɲ_two,ɲ,*ɲ_two_ɲ,Guangfu,-0.476,0.075,0.108
*ɲ_ear,ɲ,*ɲ_ear_ɲ,Guangfu,-0.485,0.064,0.081
*ɲ_fish,ɲ,*ɲ_fish_ɲ,Guangfu,-0.502,0.06,0.081
*ɲ_person,ɲ,*ɲ_person_ɲ,Guangfu,-0.513,0.058,0.081
*ɲ_sun,ɲ,*ɲ_sun_ɲ,Guangfu,-0.513,0.058,0.081
*kʰ_to stand,k,*kʰ_to stand_k,Guangfu,-0.513,0.033,0.027
y_feather,i,y_feather_i,Guangfu,-0.517,0.032,0.027
*ɲ_meat,ɲ,*ɲ_meat_ɲ,Guangfu,-0.563,0.038,0.054
