Map,Variant,Feature,Dialect Group,PMI,nPMI,Exclusivity,Representativeness
*d_head,h,*d_head_h,3,3.893,0.946,0.857,1
*tʰ_soil/earth,h,*tʰ_soil/earth_h,3,3.893,0.946,0.857,1
*-t_knee,p,*-t_knee_p,3,4.115,0.94,1,0.833
*ɲ_meat,ŋg,*ɲ_meat_ŋg,3,4.115,0.94,1,0.833
*ɲ_sun,ŋg,*ɲ_sun_ŋg,3,4.115,0.94,1,0.833
*ɲ_hot,ŋg,*ɲ_hot_ŋg,3,3.852,0.88,0.833,0.833
*ɲ_moon,ŋg,*ɲ_moon_ŋg,3,3.852,0.88,0.833,0.833
night_m,i,night_m_i,3,4.102,0.875,1,0.667
*ɲ_person,ŋg,*ɲ_person_ŋg,3,4.115,0.875,1,0.667
*ɲ_to drink,ŋg,*ɲ_to drink_ŋg,3,4.115,0.875,1,0.667
*ɲ_ear,ŋg,*ɲ_ear_ŋg,3,3.63,0.829,0.714,0.833
*ɲ_fish,ŋg,*ɲ_fish_ŋg,3,3.63,0.829,0.714,0.833
*ɲ_two,ŋg,*ɲ_two_ŋg,3,3.63,0.829,0.714,0.833
*ɲ_enter,z,*ɲ_enter_z,3,3.794,0.807,0.8,0.667
j_feather,z,j_feather_z,3,3.794,0.807,0.8,0.667
j_leaf,z,j_leaf_z,3,3.78,0.807,0.8,0.667
j_night,z,j_night_z,3,3.78,0.807,0.8,0.667
j_one,z,j_one_z,3,3.78,0.807,0.8,0.667
j_rain,z,j_rain_z,3,3.794,0.807,0.8,0.667
j_round,z,j_round_z,3,3.78,0.807,0.8,0.667
j_smoke,z,j_smoke_z,3,3.794,0.807,0.8,0.667
j_to swim,z,j_to swim_z,3,3.78,0.807,0.8,0.667
ash_m,u,ash_m_u,3,4.115,0.804,1,0.5
ɐu_autumn,ɛu,ɐu_autumn_ɛu,3,4.102,0.804,1,0.5
ɐu_hand,iu,ɐu_hand_iu,3,4.115,0.804,1,0.5
ɐ_ten,i,ɐ_ten_i,3,4.115,0.804,1,0.5
ɐu_to swim,iu,ɐu_to swim_iu,3,4.102,0.804,1,0.5
ɐ_tomb,u,ɐ_tomb_u,3,4.087,0.803,1,0.5
*ŋ_cow,ŋg,*ŋ_cow_ŋg,3,3.437,0.785,0.625,0.833
*ŋ_eye,ŋg,*ŋ_eye_ŋg,3,3.437,0.785,0.625,0.833
*m_hair_body,mb,*m_hair_body_mb,3,3.437,0.785,0.625,0.833
*m_horse,mb,*m_horse_mb,3,3.437,0.785,0.625,0.833
*ŋ_I,ŋg,*ŋ_I_ŋg,3,3.437,0.785,0.625,0.833
*n_man,nd,*n_man_nd,3,3.437,0.785,0.625,0.833
*ŋ_to bite,ŋg,*ŋ_to bite_ŋg,3,3.437,0.785,0.625,0.833
*ŋ_tooth1,ŋg,*ŋ_tooth1_ŋg,3,3.437,0.785,0.625,0.833
many_m,u,many_m_u,3,3.531,0.751,0.667,0.667
*n_woman,nd,*n_woman_nd,3,3.267,0.746,0.556,0.833
bone_n,u,bone_n_u,3,3.7,0.723,0.75,0.5
ɐ_enter,i,ɐ_enter_i,3,3.7,0.723,0.75,0.5
full_m,u,full_m_u,3,3.7,0.723,0.75,0.5
ɵ_out,u,ɵ_out_u,3,3.687,0.723,0.75,0.5
boat_m,u,boat_m_u,3,4.115,0.722,1,0.333
*ŋ_five,ŋ̩ / m̩,*ŋ_five_ŋ̩ / m̩,3,4.115,0.722,1,0.333
to drink_m,i,to drink_m_i,3,4.115,0.722,1,0.333
*d_floor/ground,0,*d_floor/ground_0,3,4.087,0.721,1,0.333
i_leaf,a,i_leaf_a,3,4.087,0.721,1,0.333
one_m,i,one_m_i,3,4.102,0.721,1,0.333
round_m,u,round_m_u,3,4.102,0.721,1,0.333
*m_full,mb,*m_full_mb,3,3.115,0.711,0.5,0.833
*m_tail,mb,*m_tail_mb,3,3.115,0.711,0.5,0.833
*n_you,nd,*n_you_nd,3,3.115,0.711,0.5,0.833
*ɣ_lake,v,*ɣ_lake_v,3,2.893,0.703,0.429,1
to sit_m,u,to sit_m_u,3,3.294,0.703,0.571,0.667
ɛ_snake,a,ɛ_snake_a,3,2.978,0.68,0.455,0.833
ɐ_cloud,u,ɐ_cloud_u,3,3.379,0.661,0.6,0.5
I_m,u,I_m_u,3,2.946,0.627,0.444,0.667
*n_bird_lit,nd,*n_bird_lit_nd,3,2.918,0.625,0.444,0.667
fire_m,u,fire_m_u,3,2.737,0.625,0.385,0.833
*d_big,0,*d_big_0,3,3.531,0.619,0.667,0.333
*t_cold,0,*t_cold_0,3,3.531,0.619,0.667,0.333
u_full,a,u_full_a,3,3.531,0.619,0.667,0.333
ɐ_lice,ɛ,ɐ_lice_ɛ,3,3.531,0.619,0.667,0.333
*t_many,0,*t_many_0,3,3.531,0.619,0.667,0.333
*t_winter,0,*t_winter_0,3,3.531,0.619,0.667,0.333
*d_abdomen,0,*d_abdomen_0,3,3.517,0.618,0.667,0.333
ɐu_nine,ɛu,ɐu_nine_ɛu,3,3.517,0.618,0.667,0.333
ɐ_one,i,ɐ_one_i,3,3.517,0.618,0.667,0.333
y_all,ɛ,y_all_ɛ,3,4.115,0.614,1,0.167
*ts_bird_col,s,*ts_bird_col_s,3,4.115,0.614,1,0.167
y_boat,a,y_boat_a,3,4.115,0.614,1,0.167
y_boat,ɛ,y_boat_ɛ,3,4.115,0.614,1,0.167
bone_n,æ,bone_n_æ,3,4.115,0.614,1,0.167
o_breast,ou,o_breast_ou,3,4.115,0.614,1,0.167
ɐ_cloud,æ,ɐ_cloud_æ,3,4.115,0.614,1,0.167
o_cold,ou,o_cold_ou,3,4.115,0.614,1,0.167
ɐu_cow,ei,ɐu_cow_ei,3,4.115,0.614,1,0.167
ɐu_cow,ɛu,ɐu_cow_ɛu,3,4.115,0.614,1,0.167
ɐu_dog,ei,ɐu_dog_ei,3,4.115,0.614,1,0.167
ɐu_dog,æu,ɐu_dog_æu,3,4.115,0.614,1,0.167
ɐu_dog,ɛu,ɐu_dog_ɛu,3,4.115,0.614,1,0.167
a_eight,e,a_eight_e,3,4.115,0.614,1,0.167
enter_m,i,enter_m_i,3,4.115,0.614,1,0.167
ɐ_enter,æ,ɐ_enter_æ,3,4.115,0.614,1,0.167
ɐu_hand,u / ou,ɐu_hand_u / ou,3,4.115,0.614,1,0.167
ɐu_hand,æu,ɐu_hand_æu,3,4.115,0.614,1,0.167
ɐu_head,ei,ɐu_head_ei,3,4.115,0.614,1,0.167
ɐu_head,æu,ɐu_head_æu,3,4.115,0.614,1,0.167
ɐu_head,ɛu,ɐu_head_ɛu,3,4.115,0.614,1,0.167
ɐ_heart,i,ɐ_heart_i,3,4.115,0.614,1,0.167
ɐ_heart,æ,ɐ_heart_æ,3,4.115,0.614,1,0.167
ɐ_heart,ɛ,ɐ_heart_ɛ,3,4.115,0.614,1,0.167
hot_m,i,hot_m_i,3,4.115,0.614,1,0.167
knee_m,i,knee_m_i,3,4.115,0.614,1,0.167
ɐ_lice,i,ɐ_lice_i,3,4.115,0.614,1,0.167
ɐ_lice,æ,ɐ_lice_æ,3,4.115,0.614,1,0.167
tsʰ_long,tʰ,tsʰ_long_tʰ,3,4.115,0.614,1,0.167
moon_m,i,moon_m_i,3,4.115,0.614,1,0.167
y_moon,a,y_moon_a,3,4.115,0.614,1,0.167
new_m,i,new_m_i,3,4.115,0.614,1,0.167
ɐ_new,æ,ɐ_new_æ,3,4.115,0.614,1,0.167
ɐ_new,ɛ,ɐ_new_ɛ,3,4.115,0.614,1,0.167
tsʰ_out,tʰ,tsʰ_out_tʰ,3,4.115,0.614,1,0.167
person_m,i,person_m_i,3,4.115,0.614,1,0.167
ɐ_person,æ,ɐ_person_æ,3,4.115,0.614,1,0.167
*x_red,k,*x_red_k,3,4.115,0.614,1,0.167
o_red,ou,o_red_ou,3,4.115,0.614,1,0.167
*u_road,æu,*u_road_æu,3,4.115,0.614,1,0.167
root_m,i,root_m_i,3,4.115,0.614,1,0.167
*ɐ_root,i,*ɐ_root_i,3,4.115,0.614,1,0.167
*ɐ_root,æ,*ɐ_root_æ,3,4.115,0.614,1,0.167
*ɐ_root,ɛ,*ɐ_root_ɛ,3,4.115,0.614,1,0.167
seven_m,i,seven_m_i,3,4.115,0.614,1,0.167
ɐ_seven,æ,ɐ_seven_æ,3,4.115,0.614,1,0.167
ɐ_seven,ɛ,ɐ_seven_ɛ,3,4.115,0.614,1,0.167
iu_small_lit,au,iu_small_lit_au,3,4.115,0.614,1,0.167
smoke_m,i,smoke_m_i,3,4.115,0.614,1,0.167
i_smoke,a,i_smoke_a,3,4.115,0.614,1,0.167
*u_soil_earth,æu,*u_soil_earth_æu,3,4.115,0.614,1,0.167
tsʰ_spring,tʰ,tsʰ_spring_tʰ,3,4.115,0.614,1,0.167
ɵ_spring,æ,ɵ_spring_æ,3,4.115,0.614,1,0.167
sun_m,i,sun_m_i,3,4.115,0.614,1,0.167
ɐ_sun,æ,ɐ_sun_æ,3,4.115,0.614,1,0.167
ɐ_ten,æ,ɐ_ten_æ,3,4.115,0.614,1,0.167
to burn_m,i,to burn_m_i,3,4.115,0.614,1,0.167
iu_to burn,au,iu_to burn_au,3,4.115,0.614,1,0.167
ɐ_to drink,i,ɐ_to drink_i,3,4.115,0.614,1,0.167
ɐ_to drink,æ,ɐ_to drink_æ,3,4.115,0.614,1,0.167
ɐ_to drink,ɛ,ɐ_to drink_ɛ,3,4.115,0.614,1,0.167
i_to see_col,a,i_to see_col_a,3,4.115,0.614,1,0.167
ɐu_to walk,ei,ɐu_to walk_ei,3,4.115,0.614,1,0.167
ɐu_to walk,æu,ɐu_to walk_æu,3,4.115,0.614,1,0.167
ɐ_together/to merge,æ,ɐ_together/to merge_æ,3,4.115,0.614,1,0.167
tsʰ_tooth2,tʰ,tsʰ_tooth2_tʰ,3,4.115,0.614,1,0.167
y_village,æ,y_village_æ,3,4.115,0.614,1,0.167
ɐi_west,ei,ɐi_west_ei,3,4.115,0.614,1,0.167
ɐi_west,æi,ɐi_west_æi,3,4.115,0.614,1,0.167
o_winter,ou,o_winter_ou,3,4.115,0.614,1,0.167
*u_abdomen,æu,*u_abdomen_æu,3,4.102,0.613,1,0.167
ɐu_autumn,æu,ɐu_autumn_æu,3,4.102,0.613,1,0.167
ɐi_chicken,ei,ɐi_chicken_ei,3,4.102,0.613,1,0.167
ɐi_chicken,æi,ɐi_chicken_æi,3,4.102,0.613,1,0.167
ɔ_horn,o,ɔ_horn_o,3,4.102,0.613,1,0.167
ɐ_knee,æ,ɐ_knee_æ,3,4.102,0.613,1,0.167
ɐu_mouth,ei,ɐu_mouth_ei,3,4.102,0.613,1,0.167
ɐu_mouth,æu,ɐu_mouth_æu,3,4.102,0.613,1,0.167
ɐu_mouth,ɛu,ɐu_mouth_ɛu,3,4.102,0.613,1,0.167
ɐu_nine,ei,ɐu_nine_ei,3,4.102,0.613,1,0.167
ɐu_nine,iu,ɐu_nine_iu,3,4.102,0.613,1,0.167
ɐu_nine,æu,ɐu_nine_æu,3,4.102,0.613,1,0.167
*p_north,v,*p_north_v,3,4.102,0.613,1,0.167
ɐ_one,æ,ɐ_one_æ,3,4.102,0.613,1,0.167
ɵ_out,æ,ɵ_out_æ,3,4.102,0.613,1,0.167
y_round,a,y_round_a,3,4.102,0.613,1,0.167
ɐi_small_col,ei,ɐi_small_col_ei,3,4.102,0.613,1,0.167
ɐi_small_col,æi,ɐi_small_col_æi,3,4.102,0.613,1,0.167
to swim_m,i,to swim_m_i,3,4.102,0.613,1,0.167
ɐu_to swim,æu,ɐu_to swim_æu,3,4.102,0.613,1,0.167
ɵ_spring,u,ɵ_spring_u,3,3.115,0.609,0.5,0.5
*ɣ_yellow,v,*ɣ_yellow_v,3,2.379,0.578,0.3,1
stone_n,a,stone_n_a,3,2.365,0.577,0.3,1
*i_ear,ei,*i_ear_ei,3,3.115,0.546,0.5,0.333
ɔ_fire,a,ɔ_fire_a,3,3.115,0.546,0.5,0.333
i_two,ei,i_two_ei,3,3.115,0.546,0.5,0.333
w_cloud,v,w_cloud_v,3,2.241,0.545,0.273,1
snake_m,i,snake_m_i,3,2.241,0.545,0.273,1
s_history,ɬ,s_history_ɬ,3,3.087,0.544,0.5,0.333
œ_long,ɔ,œ_long_ɔ,3,2.672,0.525,0.375,0.5
œ_to think,ɔ,œ_to think_ɔ,3,2.672,0.525,0.375,0.5
y_rain,i,y_rain_i,3,2.115,0.514,0.25,1
y_mouse/rat,i,y_mouse/rat_i,3,2.102,0.512,0.25,1
y_pig,i,y_pig_i,3,2.057,0.5,0.24,1
y_tool,ui,y_tool_ui,3,2.057,0.5,0.24,1
ɐ_north,a,ɐ_north_a,3,2.176,0.499,0.263,0.833
y_tree,i,y_tree_i,3,2.043,0.498,0.24,1
*dz_all,tʰ,*dz_all_tʰ,3,2.531,0.495,0.333,0.5
*-u-_bone,0,*-u-_bone_0,3,2.531,0.495,0.333,0.5
œ_leg,ɔ,œ_leg_ɔ,3,2.531,0.495,0.333,0.5
ɐi_small_col,ai,ɐi_small_col_ai,3,2.517,0.493,0.333,0.5
i_smoke,ɛ,i_smoke_ɛ,3,2.794,0.49,0.4,0.333
i_hot,ɛ,i_hot_ɛ,3,2.78,0.489,0.4,0.333
*ɿ_history,ɿ,*ɿ_history_ɿ,3,2.766,0.488,0.4,0.333
all_m,i,all_m_i,3,3.115,0.465,0.5,0.167
ui_ash,ai,ui_ash_ai,3,3.115,0.465,0.5,0.167
y_blood,ɛ,y_blood_ɛ,3,3.115,0.465,0.5,0.167
boat_m,i,boat_m_i,3,3.115,0.465,0.5,0.167
y_boat,ɔ,y_boat_ɔ,3,3.115,0.465,0.5,0.167
o_breast,œ,o_breast_œ,3,3.115,0.465,0.5,0.167
o_cold,œ,o_cold_œ,3,3.115,0.465,0.5,0.167
*p_eight,v,*p_eight_v,3,3.115,0.465,0.5,0.167
heart_m,i,heart_m_i,3,3.115,0.465,0.5,0.167
lice_m,i,lice_m_i,3,3.115,0.465,0.5,0.167
ɔ_many,a,ɔ_many_a,3,3.115,0.465,0.5,0.167
ɔ_many,u,ɔ_many_u,3,3.115,0.465,0.5,0.167
o_meat,œ,o_meat_œ,3,3.115,0.465,0.5,0.167
y_moon,ɛ,y_moon_ɛ,3,3.115,0.465,0.5,0.167
ɐ_new,i,ɐ_new_i,3,3.115,0.465,0.5,0.167
*b_nose,v,*b_nose_v,3,3.115,0.465,0.5,0.167
ɐ_person,i,ɐ_person_i,3,3.115,0.465,0.5,0.167
ɐ_person,ɛ,ɐ_person_ɛ,3,3.115,0.465,0.5,0.167
o_red,œ,o_red_œ,3,3.115,0.465,0.5,0.167
iu_to burn,ɛu,iu_to burn_ɛu,3,3.115,0.465,0.5,0.167
to see_col_m,i,to see_col_m_i,3,3.115,0.465,0.5,0.167
ɔ_to speak_col,o,ɔ_to speak_col_o,3,3.115,0.465,0.5,0.167
ɐu_to walk,ɛu,ɐu_to walk_ɛu,3,3.115,0.465,0.5,0.167
*b_white,v,*b_white_v,3,3.115,0.465,0.5,0.167
o_winter,œ,o_winter_œ,3,3.115,0.465,0.5,0.167
ɐu_autumn,iu,ɐu_autumn_iu,3,3.102,0.464,0.5,0.167
leaf_m,i,leaf_m_i,3,3.102,0.464,0.5,0.167
ɐ_one,ɛ,ɐ_one_ɛ,3,3.102,0.464,0.5,0.167
round_m,i,round_m_i,3,3.102,0.464,0.5,0.167
y_round,ɔ,y_round_ɔ,3,3.102,0.464,0.5,0.167
y_round,ɛ,y_round_ɛ,3,3.102,0.464,0.5,0.167
*ɿ_teacher,u,*ɿ_teacher_u,3,3.102,0.464,0.5,0.167
*d_to sit,t,*d_to sit_t,3,3.102,0.464,0.5,0.167
ɔ_to sit,a,ɔ_to sit_a,3,3.102,0.464,0.5,0.167
*ɿ_history,u,*ɿ_history_u,3,3.087,0.463,0.5,0.167
*y_woman,ui,*y_woman_ui,3,1.893,0.46,0.214,1
i_to know,ei,i_to know_ei,3,2.531,0.444,0.333,0.333
œ_bird_col,ɔ,œ_bird_col_ɔ,3,2.241,0.438,0.273,0.5
y_fish,ui,y_fish_ui,3,2.241,0.438,0.273,0.5
ɐi_west,ai,ɐi_west_ai,3,2.241,0.438,0.273,0.5
stone_m,i,stone_m_i,3,1.794,0.436,0.2,1
y_to go,ui,y_to go_ui,3,1.78,0.434,0.2,1
y_feather,i,y_feather_i,3,1.746,0.424,0.194,1
ɐi_chicken,ai,ɐi_chicken_ai,3,2.102,0.412,0.25,0.5
ɛ_night,a,ɛ_night_a,3,1.78,0.408,0.2,0.833
ɔ_to see_lit,u,ɔ_to see_lit_u,3,2.266,0.4,0.286,0.333
liver_m,u,liver_m_u,3,2,0.391,0.231,0.5
to see_lit_m,u,to see_lit_m_u,3,1.958,0.386,0.231,0.5
blood_m,i,blood_m_i,3,2.531,0.378,0.333,0.167
o_green,œ,o_green_œ,3,2.531,0.378,0.333,0.167
ɐ_seven,i,ɐ_seven_i,3,2.531,0.378,0.333,0.167
o_six,œ,o_six_œ,3,2.531,0.378,0.333,0.167
ɐ_sun,ɛ,ɐ_sun_ɛ,3,2.531,0.378,0.333,0.167
ɐ_knee,i,ɐ_knee_i,3,2.517,0.376,0.333,0.167
ɐ_knee,ɛ,ɐ_knee_ɛ,3,2.517,0.376,0.333,0.167
ɔ_dry,u,ɔ_dry_u,3,2.115,0.371,0.25,0.333
ɔ_liver,u,ɔ_liver_u,3,2.115,0.371,0.25,0.333
ts_to know,t,ts_to know_t,3,2.115,0.371,0.25,0.333
dry_m,u,dry_m_u,3,1.794,0.351,0.2,0.5
ou_good,au,ou_good_au,3,1.794,0.351,0.2,0.5
ou_hair_body,au,ou_hair_body_au,3,1.794,0.351,0.2,0.5
*ts_bird_col,t,*ts_bird_col_t,3,1.946,0.341,0.222,0.333
i_to fly,ui,i_to fly_ui,3,1.946,0.341,0.222,0.333
ɔi_love,ui,ɔi_love_ui,3,1.932,0.34,0.222,0.333
*d_to sit,tʰ,*d_to sit_tʰ,3,1.932,0.34,0.222,0.333
ou_good,ɔ,ou_good_ɔ,3,2.115,0.316,0.25,0.167
ɐ_new,a,ɐ_new_a,3,2.115,0.316,0.25,0.167
ɐ_sun,i,ɐ_sun_i,3,2.115,0.316,0.25,0.167
ɐu_to walk,ou,ɐu_to walk_ou,3,2.115,0.316,0.25,0.167
ui_ash,ɔi,ui_ash_ɔi,3,1.794,0.315,0.2,0.333
*0_love,ŋ,*0_love_ŋ,3,2.102,0.314,0.25,0.167
ɐu_mouth,ou,ɐu_mouth_ou,3,2.102,0.314,0.25,0.167
i_leaf,ɛ,i_leaf_ɛ,3,2.087,0.313,0.25,0.167
*ɿ_teacher,ɿ,*ɿ_teacher_ɿ,3,1.78,0.313,0.2,0.333
ɔ_to see_lit,a,ɔ_to see_lit_a,3,1.751,0.309,0.2,0.333
bird_col_m,i,bird_col_m_i,3,1.241,0.302,0.136,1
y_village,u,y_village_u,3,1.415,0.301,0.154,0.667
ɐ_black,a,ɐ_black_a,3,1.308,0.299,0.143,0.833
long_m,i,long_m_i,3,1.209,0.294,0.133,1
to think_m,i,to think_m_i,3,1.209,0.294,0.133,1
ɐu_cow,au,ɐu_cow_au,3,1.656,0.291,0.182,0.333
*tsʰ_autumn,tʰ,*tsʰ_autumn_tʰ,3,1.439,0.282,0.158,0.5
leg_m,i,leg_m_i,3,1.146,0.278,0.128,1
y_fish,i,y_fish_i,3,1.379,0.27,0.15,0.5
tsʰ_seven,tʰ,tsʰ_seven_tʰ,3,1.379,0.27,0.15,0.5
tsʰ_village,tʰ,tsʰ_village_tʰ,3,1.379,0.27,0.15,0.5
ɔ_dry,a,ɔ_dry_a,3,1.531,0.269,0.167,0.333
ɔ_liver,a,ɔ_liver_a,3,1.531,0.269,0.167,0.333
ɐu_dog,ou,ɐu_dog_ou,3,1.794,0.268,0.2,0.167
*0_duck,ŋ,*0_duck_ŋ,3,1.794,0.268,0.2,0.167
ou_hair_body,ɔ,ou_hair_body_ɔ,3,1.794,0.268,0.2,0.167
ɐu_head,ou,ɐu_head_ou,3,1.794,0.268,0.2,0.167
ɐ_person,a,ɐ_person_a,3,1.794,0.268,0.2,0.167
y_all,i,y_all_i,3,1.257,0.267,0.138,0.667
ɐu_to swim,ou,ɐu_to swim_ou,3,1.78,0.266,0.2,0.167
*i_four,ei,*i_four_ei,3,1.115,0.255,0.125,0.833
*i_nose,ei,*i_nose_ei,3,1.115,0.255,0.125,0.833
*i_strange,ei,*i_strange_ei,3,1.115,0.255,0.125,0.833
*-k_to eat,t,*-k_to eat_t,3,1.415,0.248,0.154,0.333
*ts_to walk,t,*ts_to walk_t,3,1.415,0.248,0.154,0.333
*i_to stand,ei,*i_to stand_ei,3,1.066,0.244,0.122,0.833
œ_double,ɔ,œ_double_ɔ,3,1.052,0.242,0.122,0.833
*i_you,ei,*i_you_ei,3,1.045,0.239,0.119,0.833
y_blood,i,y_blood_i,3,1.115,0.237,0.125,0.667
s_knee,s,s_knee_s,3,1.115,0.237,0.125,0.667
*i_floor/ground,ei,*i_floor/ground_ei,3,1.017,0.234,0.119,0.833
*i_tail,ei,*i_tail_ei,3,1.011,0.231,0.116,0.833
*ŋ_five,m̩,*ŋ_five_m̩,3,1.308,0.229,0.143,0.333
ɐu_cow,ou,ɐu_cow_ou,3,1.531,0.228,0.167,0.167
u_full,ɔ,u_full_ɔ,3,1.531,0.228,0.167,0.167
ɐ_heart,a,ɐ_heart_a,3,1.531,0.228,0.167,0.167
ɔ_light,a,ɔ_light_a,3,1.531,0.228,0.167,0.167
ɐ_to drink,a,ɐ_to drink_a,3,1.531,0.228,0.167,0.167
iu_bird_lit,au,iu_bird_lit_au,3,1.503,0.225,0.167,0.167
double_m,i,double_m_i,3,1.503,0.225,0.167,0.167
ui_to sleep,ui,ui_to sleep_ui,3,0.868,0.211,0.105,1
s_teacher,ɬ,s_teacher_ɬ,3,1.195,0.21,0.133,0.333
to eat_n,ɛ,to eat_n_ɛ,3,1.195,0.21,0.111,0.4
*n_bird_lit,l,*n_bird_lit_l,3,1.181,0.208,0.133,0.333
*ɐ_root,a,*ɐ_root_a,3,1.308,0.195,0.143,0.167
bird_lit_m,i,bird_lit_m_i,3,1.28,0.192,0.143,0.167
*i_skin1,ei,*i_skin1_ei,3,0.83,0.177,0.103,0.667
*ɿ_to die,ei,*ɿ_to die_ei,3,0.83,0.177,0.103,0.667
y_moon,i,y_moon_i,3,0.893,0.175,0.107,0.5
ui_water,ui,ui_water_ui,3,0.709,0.173,0.095,1
*-u-_light,0,*-u-_light_0,3,0.737,0.168,0.096,0.833
ɔ_I,a,ɔ_I_a,3,1.115,0.166,0.125,0.167
ɐ_seven,a,ɐ_seven_a,3,1.115,0.166,0.125,0.167
ɐ_sun,a,ɐ_sun_a,3,1.115,0.166,0.125,0.167
y_boat,i,y_boat_i,3,0.842,0.165,0.103,0.5
ɐ_knee,a,ɐ_knee_a,3,1.102,0.165,0.125,0.167
ɐ_together/to merge,a,ɐ_together/to merge_a,3,0.794,0.155,0.1,0.5
œ_bird_col,a,œ_bird_col_a,3,0.868,0.152,0.105,0.333
œ_leg,a,œ_leg_a,3,0.868,0.152,0.105,0.333
y_round,i,y_round_i,3,0.732,0.143,0.097,0.5
*n_man,l,*n_man_l,3,0.946,0.141,0.111,0.167
i_to see_col,ɛ,i_to see_col_ɛ,3,0.946,0.141,0.111,0.167
*n_woman,l,*n_woman_l,3,0.946,0.141,0.111,0.167
i_to fly,ei,i_to fly_ei,3,0.656,0.14,0.091,0.667
*kʰ_to stand,kʰ,*kʰ_to stand_kʰ,3,0.557,0.136,0.086,1
œ_long,a,œ_long_a,3,0.766,0.135,0.1,0.333
œ_to think,a,œ_to think_a,3,0.766,0.135,0.1,0.333
*b_skin1,pʰ,*b_skin1_pʰ,3,0.551,0.134,0.085,1
s_four,s,s_four_s,3,0.592,0.126,0.087,0.667
s_heart,s,s_heart_s,3,0.592,0.126,0.087,0.667
s_new,s,s_new_s,3,0.592,0.126,0.087,0.667
s_to die,s,s_to die_s,3,0.592,0.126,0.087,0.667
s_to think,s,s_to think_s,3,0.592,0.126,0.087,0.667
s_west,s,s_west_s,3,0.592,0.126,0.087,0.667
*g_strange,kʰ,*g_strange_kʰ,3,0.511,0.124,0.082,1
s_small_lit,s,s_small_lit_s,3,0.561,0.119,0.085,0.667
s_three,s,s_three_s,3,0.561,0.119,0.085,0.667
*n_you,l,*n_you_l,3,0.794,0.118,0.1,0.167
*d_abdomen,t,*d_abdomen_t,3,0.547,0.117,0.085,0.667
ɔi_love,oi,ɔi_love_oi,3,0.78,0.117,0.1,0.167
s_small_col,s,s_small_col_s,3,0.547,0.117,0.085,0.667
ɔ_to speak_col,ɔ,ɔ_to speak_col_ɔ,3,0.483,0.11,0.081,0.833
*h_ash,f,*h_ash_f,3,0.434,0.105,0.078,1
*h_flower,f,*h_flower_f,3,0.434,0.105,0.078,1
*x_blood,h,*x_blood_h,3,0.415,0.101,0.077,1
y_blood,u,y_blood_u,3,0.656,0.098,0.091,0.167
o_cold,ɔ,o_cold_ɔ,3,0.656,0.098,0.091,0.167
a_white,a,a_white_a,3,0.401,0.098,0.077,1
ɔi_love,ai,ɔi_love_ai,3,0.642,0.096,0.091,0.167
ɔ_horn,ɔ,ɔ_horn_ɔ,3,0.401,0.092,0.077,0.833
*ɣ_summer,h,*ɣ_summer_h,3,0.369,0.09,0.076,1
*k_nine,k,*k_nine_k,3,0.365,0.089,0.075,1
a_eye,a,a_eye_a,3,0.361,0.088,0.074,1
*u_five,0,*u_five_0,3,0.361,0.088,0.074,1
*h_tiger,f,*h_tiger_f,3,0.361,0.088,0.074,1
tsʰ_long,ʦʰ,tsʰ_long_ʦʰ,3,0.371,0.085,0.075,0.833
o_breast,ɔ,o_breast_ɔ,3,0.531,0.079,0.083,0.167
*h_fire,f,*h_fire_f,3,0.325,0.079,0.072,1
o_green,ɔ,o_green_ɔ,3,0.531,0.079,0.083,0.167
y_moon,u,y_moon_u,3,0.531,0.079,0.083,0.167
o_red,ɔ,o_red_ɔ,3,0.531,0.079,0.083,0.167
o_six,ɔ,o_six_ɔ,3,0.531,0.079,0.083,0.167
y_village,i,y_village_i,3,0.531,0.079,0.083,0.167
o_winter,ɔ,o_winter_ɔ,3,0.531,0.079,0.083,0.167
ɐu_mouth,au,ɐu_mouth_au,3,0.517,0.077,0.083,0.167
ɔ_to sit,u,ɔ_to sit_u,3,0.517,0.077,0.083,0.167
nose_c,0,nose_c_0,3,0.291,0.071,0.071,1
ts_claws,ʦ,ts_claws_ʦ,3,0.274,0.067,0.07,1
*u_abdomen,u,*u_abdomen_u,3,0.329,0.064,0.073,0.5
*-p_leaf,p,*-p_leaf_p,3,0.26,0.063,0.07,1
ɐu_dog,au,ɐu_dog_au,3,0.415,0.062,0.077,0.167
ɐu_head,au,ɐu_head_au,3,0.415,0.062,0.077,0.167
*u_road,u,*u_road_u,3,0.308,0.06,0.071,0.5
*u_soil_earth,u,*u_soil_earth_u,3,0.308,0.06,0.071,0.5
ɔ_light,ɔ,ɔ_light_ɔ,3,0.248,0.057,0.068,0.833
*-t_eight,t,*-t_eight_t,3,0.225,0.055,0.067,1
*-n_eye,n,*-n_eye_n,3,0.225,0.055,0.067,1
*-t_hair_head,t,*-t_hair_head_t,3,0.225,0.055,0.067,1
*-n_mountain,n,*-n_mountain_n,3,0.225,0.055,0.067,1
ɔ_yellow,ɔ,ɔ_yellow_ɔ,3,0.228,0.052,0.068,0.833
au_claws,au,au_claws_au,3,0.209,0.051,0.067,1
*-k_stone,k,*-k_stone_k,3,0.209,0.051,0.067,1
*u_tiger,u,*u_tiger_u,3,0.209,0.051,0.067,1
au_to bite,au,au_to bite_au,3,0.209,0.051,0.067,1
*-t_to kill,t,*-t_to kill_t,3,0.209,0.051,0.067,1
*ts_bird_col,ʦ,*ts_bird_col_ʦ,3,0.241,0.047,0.068,0.5
a_mountain ,a,a_mountain _a,3,0.193,0.047,0.066,1
ɐu_to walk,au,ɐu_to walk_au,3,0.308,0.046,0.071,0.167
s_boat,s,s_boat_s,3,0.177,0.043,0.065,1
a_eight,a,a_eight_a,3,0.189,0.043,0.066,0.833
s_tree,s,s_tree_s,3,0.163,0.04,0.065,1
*-m_blue,m,*-m_blue_m,3,0.161,0.039,0.065,1
*x_breat,h,*x_breat_h,3,0.161,0.039,0.065,1
ɔ_I,ɔ,ɔ_I_ɔ,3,0.171,0.039,0.065,0.833
*k_leg,k,*k_leg_k,3,0.161,0.039,0.065,1
*-m_man,m,*-m_man_m,3,0.161,0.039,0.065,1
*-m_three,m,*-m_three_m,3,0.161,0.039,0.065,1
a_to kill,a,a_to kill_a,3,0.161,0.039,0.065,1
to speak_col_m,0,to speak_col_m_0,3,0.161,0.039,0.065,1
*ɣ_together/to merge,h,*ɣ_together/to merge_h,3,0.161,0.039,0.065,1
horn_m,0,horn_m_0,3,0.147,0.036,0.065,1
ɔ_to sit,ɔ,ɔ_to sit_ɔ,3,0.171,0.036,0.066,0.667
*-p_duck,p,*-p_duck_p,3,0.146,0.035,0.064,1
ts_pig,ʦ,ts_pig_ʦ,3,0.146,0.035,0.064,1
*-t_seven,t,*-t_seven_t,3,0.146,0.035,0.064,1
*u_skin2,u,*u_skin2_u,3,0.146,0.035,0.064,1
s_snake,s,s_snake_s,3,0.146,0.035,0.064,1
s_to sleep,s,s_to sleep_s,3,0.146,0.035,0.064,1
*-k_white,k,*-k_white_k,3,0.146,0.035,0.064,1
ai_big,ai,ai_big_ai,3,0.131,0.032,0.063,1
*-t_bone,t,*-t_bone_t,3,0.131,0.032,0.063,1
*-p_enter,p,*-p_enter_p,3,0.131,0.032,0.063,1
*-n_liver,n,*-n_liver_n,3,0.131,0.032,0.063,1
*-k_north,k,*-k_north_k,3,0.132,0.032,0.064,1
*-t_out,t,*-t_out_t,3,0.131,0.032,0.063,1
s_stone,s,s_stone_s,3,0.131,0.032,0.063,1
*-p_ten,p,*-p_ten_p,3,0.131,0.032,0.063,1
*-p_together/to merge,p,*-p_together/to merge_p,3,0.131,0.032,0.063,1
s_water,s,s_water_s,3,0.132,0.032,0.064,1
white_m,0,white_m_0,3,0.131,0.032,0.063,1
*-t_one,t,*-t_one_t,3,0.117,0.029,0.063,1
*-n_to see_lit,n,*-n_to see_lit_n,3,0.119,0.029,0.065,1
f_tomb,f,f_tomb_f,3,0.118,0.029,0.064,1
*-k_bird_col,k,*-k_bird_col_k,3,0.115,0.028,0.062,1
*-k_black,k,*-k_black_k,3,0.115,0.028,0.062,1
*-n_dry,n,*-n_dry_n,3,0.115,0.028,0.062,1
a_hair_head,a,a_hair_head_a,3,0.115,0.028,0.062,1
*u_lake,u,*u_lake_u,3,0.115,0.028,0.062,1
*-t_lice,t,*-t_lice_t,3,0.115,0.028,0.062,1
*-n_root,n,*-n_root_n,3,0.115,0.028,0.062,1
*-t_sun,t,*-t_sun_t,3,0.115,0.028,0.062,1
*g_tool,k,*g_tool_k,3,0.115,0.028,0.062,1
œ_double,o,œ_double_o,3,0.181,0.027,0.067,0.167
h_to see_lit,h,h_to see_lit_h,3,0.104,0.026,0.064,1
*-n_cloud,n,*-n_cloud_n,3,0.101,0.025,0.062,1
s_double,s,s_double_s,3,0.103,0.025,0.063,1
*-m_heart,m,*-m_heart_m,3,0.101,0.025,0.062,1
*-k_horn,k,*-k_horn_k,3,0.102,0.025,0.062,1
s_lice,s,s_lice_s,3,0.101,0.025,0.062,1
*-n_new,n,*-n_new_n,3,0.101,0.025,0.062,1
nine_m,0,nine_m_0,3,0.102,0.025,0.062,1
*-n_person,n,*-n_person_n,3,0.101,0.025,0.062,1
*-m_to drink,m,*-m_to drink_m,3,0.101,0.025,0.062,1
s_to eat,s,s_to eat_s,3,0.101,0.025,0.062,1
*-n_tomb,n,*-n_tomb_n,3,0.103,0.025,0.063,1
a_blue,a,a_blue_a,3,0.086,0.021,0.061,1
breast_m,0,breast_m_0,3,0.086,0.021,0.061,1
five_c,0,five_c_0,3,0.086,0.021,0.061,1
*-n_full,n,*-n_full_n,3,0.086,0.021,0.061,1
s_hand,s,s_hand_s,3,0.086,0.021,0.061,1
*-k_leg,k,*-k_leg_k,3,0.086,0.021,0.061,1
s_sand,s,s_sand_s,3,0.086,0.021,0.061,1
Spring_m,0,Spring_m_0,3,0.086,0.021,0.061,1
*-n_spring,n,*-n_spring_n,3,0.086,0.021,0.061,1
s_ten,s,s_ten_s,3,0.086,0.021,0.061,1
s_to burn,s,s_to burn_s,3,0.086,0.021,0.061,1
*k_to speak_col,k,*k_to speak_col_k,3,0.086,0.021,0.061,1
ts_fat,ʦ,ts_fat_ʦ,3,0.073,0.018,0.062,1
s_mouse/rat,s,s_mouse/rat_s,3,0.072,0.018,0.061,1
h_to go,h,h_to go_h,3,0.072,0.018,0.061,1
a_duck,a,a_duck_a,3,0.071,0.017,0.061,1
*-t_hot,t,*-t_hot_t,3,0.071,0.017,0.061,1
a_man,a,a_man_a,3,0.071,0.017,0.061,1
s_mountain,s,s_mountain_s,3,0.071,0.017,0.061,1
s_to kill,s,s_to kill_s,3,0.071,0.017,0.061,1
*a_tooth1,a,*a_tooth1_a,3,0.071,0.017,0.061,1
ɔ_yellow,o,ɔ_yellow_o,3,0.115,0.017,0.062,0.167
double_m,0,double_m_0,3,0.07,0.016,0.062,0.833
*-t_blood,t,*-t_blood_t,3,0.057,0.014,0.06,1
a_flower,a,a_flower_a,3,0.057,0.014,0.06,1
f_hair_head,f,f_hair_head_f,3,0.057,0.014,0.06,1
*k_horn,k,*k_horn_k,3,0.057,0.014,0.061,1
*a_horse,a,*a_horse_a,3,0.057,0.014,0.06,1
a_sand,a,a_sand_a,3,0.057,0.014,0.06,1
*a_three,a,*a_three_a,3,0.057,0.014,0.06,1
*-n_to see_col,n,*-n_to see_col_n,3,0.057,0.014,0.06,1
i_tooth2,i,i_tooth2_i,3,0.057,0.014,0.06,1
*i_skin1,i,*i_skin1_i,3,0.071,0.012,0.061,0.333
*i_fat,i,*i_fat_i,3,0.043,0.011,0.061,1
*a_summer,a,*a_summer_a,3,0.043,0.011,0.061,1
*u_abdomen,ou,*u_abdomen_ou,3,0.057,0.01,0.061,0.333
*-n_all,n,*-n_all_n,3,0.042,0.01,0.059,1
*x_black,h,*x_black_h,3,0.042,0.01,0.059,1
*-ŋ_breast,ŋ,*-ŋ_breast_ŋ,3,0.042,0.01,0.059,1
*-k_green,k,*-k_green_k,3,0.042,0.01,0.059,1
*-ŋ_light,ŋ,*-ŋ_light_ŋ,3,0.042,0.01,0.059,1
ŋ_long,ŋ,ŋ_long_ŋ,3,0.042,0.01,0.059,1
*-t_moon,t,*-t_moon_t,3,0.042,0.01,0.059,1
*kʰ_mouth,h,*kʰ_mouth_h,3,0.043,0.01,0.06,1
out_m,0,out_m_0,3,0.042,0.01,0.059,1
*k_root,k,*k_root_k,3,0.042,0.01,0.059,1
*-n_round,n,*-n_round_n,3,0.043,0.01,0.06,1
*-n_smoke,n,*-n_smoke_n,3,0.042,0.01,0.059,1
*-ŋ_to think,ŋ,*-ŋ_to think_ŋ,3,0.042,0.01,0.059,1
together_to merge_m,0,together_to merge_m_0,3,0.042,0.01,0.059,1
village_m,0,village_m_0,3,0.042,0.01,0.059,1
*-n_village,n,*-n_village_n,3,0.042,0.01,0.059,1
yellow_m,0,yellow_m_0,3,0.042,0.01,0.059,1
*-ŋ_yellow,ŋ,*-ŋ_yellow_ŋ,3,0.042,0.01,0.059,1
*l_blue,l,*l_blue_l,3,0.028,0.007,0.059,1
*-n_boat,n,*-n_boat_n,3,0.028,0.007,0.059,1
claws_m,0,claws_m_0,3,0.028,0.007,0.059,1
*-ŋ_double,ŋ,*-ŋ_double_ŋ,3,0.029,0.007,0.06,1
*x_good,h,*x_good_h,3,0.028,0.007,0.059,1
*l_green,l,*l_green_l,3,0.028,0.007,0.059,1
green_m,0,green_m_0,3,0.028,0.007,0.059,1
*-k_meat,k,*-k_meat_k,3,0.028,0.007,0.059,1
six_m,0,six_m_0,3,0.028,0.007,0.059,1
*-k_six,k,*-k_six_k,3,0.028,0.007,0.059,1
f_skin2,f,f_skin2_f,3,0.028,0.007,0.059,1
*-ŋ_to speak_col,ŋ,*-ŋ_to speak_col_ŋ,3,0.028,0.007,0.059,1
tomb_m,0,tomb_m_0,3,0.029,0.007,0.06,1
*u_soil_earth,ou,*u_soil_earth_ou,3,0.028,0.005,0.059,0.333
to eat_n,ɪ,to eat_n_ɪ,3,0.019,0.004,0.049,0.6
Autumn_m,0,Autumn_m_0,3,0.014,0.003,0.059,1
fish_c,0,fish_c_0,3,0.014,0.003,0.058,1
flower_m,0,flower_m_0,3,0.014,0.003,0.058,1
good_m,0,good_m_0,3,0.014,0.003,0.058,1
history_m,0,history_m_0,3,0.014,0.003,0.059,1
*k_light,k,*k_light_k,3,0.014,0.003,0.058,1
love_m,0,love_m_0,3,0.014,0.003,0.059,1
meat_m,0,meat_m_0,3,0.014,0.003,0.058,1
mouse_rat_m,0,mouse_rat_m_0,3,0.014,0.003,0.059,1
mouse_rat_c,0,mouse_rat_c_0,3,0.014,0.003,0.059,1
nose_m,0,nose_m_0,3,0.014,0.003,0.058,1
pig_c,0,pig_c_0,3,0.014,0.003,0.058,1
rain_c,0,rain_c_0,3,0.014,0.003,0.058,1
*-ŋ_red,ŋ,*-ŋ_red_ŋ,3,0.014,0.003,0.058,1
*l_road,l,*l_road_l,3,0.014,0.003,0.058,1
sand_m,0,sand_m_0,3,0.014,0.003,0.058,1
*l_six,l,*l_six_l,3,0.014,0.003,0.058,1
small_col_m,0,small_col_m_0,3,0.014,0.003,0.059,1
soil_earth_m,0,soil_earth_m_0,3,0.014,0.003,0.058,1
Summer_c,0,Summer_c_0,3,0.014,0.003,0.059,1
teacher_m,0,teacher_m_0,3,0.014,0.003,0.059,1
ten_m,0,ten_m_0,3,0.014,0.003,0.058,1
to bite_m,0,to bite_m_0,3,0.014,0.003,0.058,1
f_to fly,f,f_to fly_f,3,0.014,0.003,0.058,1
to go_m,0,to go_m_0,3,0.014,0.003,0.059,1
to go_c,0,to go_c_0,3,0.014,0.003,0.059,1
*k_to see_col,k,*k_to see_col_k,3,0.014,0.003,0.058,1
to sleep_m,0,to sleep_m_0,3,0.014,0.003,0.058,1
to walk_m,0,to walk_m_0,3,0.014,0.003,0.058,1
tool_m,0,tool_m_0,3,0.014,0.003,0.058,1
tool_c,0,tool_c_0,3,0.014,0.003,0.058,1
woman_c,0,woman_c_0,3,0.014,0.003,0.058,1
*k_bone,k,*k_bone_k,3,0,0,0.058,1
*k_chicken,k,*k_chicken_k,3,0,0,0.058,1
*-ŋ_cold,ŋ,*-ŋ_cold_ŋ,3,0,0,0.058,1
dog_o,k,dog_o_k,3,0,0,0.058,1
*k_dry,k,*k_dry_k,3,0,0,0.058,1
*k_liver,k,*k_liver_k,3,0,0,0.058,1
*-ŋ_winter,ŋ,*-ŋ_winter_ŋ,3,0,0,0.058,1
*u_road,ou,*u_road_ou,3,-0.014,-0.002,0.057,0.333
ɐ_together/to merge,ɐ,ɐ_together/to merge_ɐ,3,-0.014,-0.002,0.057,0.333
iu_bird_lit,iu,iu_bird_lit_iu,3,-0.034,-0.008,0.057,0.833
o_meat,o,o_meat_o,3,-0.038,-0.009,0.056,0.833
*ɿ_to die,i,*ɿ_to die_i,3,-0.054,-0.009,0.056,0.333
ɔ_fire,ɔ,ɔ_fire_ɔ,3,-0.074,-0.016,0.055,0.667
*x_red,h,*x_red_h,3,-0.07,-0.016,0.055,0.833
*b_nose,p,*b_nose_p,3,-0.117,-0.027,0.053,0.833
*p_eight,p,*p_eight_p,3,-0.132,-0.03,0.053,0.833
*p_north,p,*p_north_p,3,-0.146,-0.033,0.053,0.833
*b_white,p,*b_white_p,3,-0.148,-0.034,0.052,0.833
bird_lit_m,0,bird_lit_m_0,3,-0.16,-0.037,0.053,0.833
*ɿ_teacher,i,*ɿ_teacher_i,3,-0.196,-0.038,0.051,0.5
*dz_all,ʦʰ,*dz_all_ʦʰ,3,-0.206,-0.04,0.05,0.5
*0_love,0,*0_love_0,3,-0.176,-0.04,0.052,0.833
iu_small_lit,iu,iu_small_lit_iu,3,-0.177,-0.04,0.051,0.833
tsʰ_tooth2,ʦʰ,tsʰ_tooth2_ʦʰ,3,-0.177,-0.04,0.051,0.833
*0_duck,0,*0_duck_0,3,-0.192,-0.044,0.051,0.833
*ɿ_history,i,*ɿ_history_i,3,-0.234,-0.046,0.05,0.5
lice_m,0,lice_m_0,3,-0.206,-0.047,0.05,0.833
tsʰ_out,ʦʰ,tsʰ_out_ʦʰ,3,-0.206,-0.047,0.05,0.833
tsʰ_spring,ʦʰ,tsʰ_spring_ʦʰ,3,-0.206,-0.047,0.05,0.833
ou_hair_body,ou,ou_hair_body_ou,3,-0.277,-0.049,0.048,0.333
all_m,0,all_m_0,3,-0.221,-0.05,0.05,0.833
blood_m,0,blood_m_0,3,-0.221,-0.05,0.05,0.833
y_all,u,y_all_u,3,-0.344,-0.051,0.045,0.167
enter_m,0,enter_m_0,3,-0.235,-0.054,0.049,0.833
heart_m,0,heart_m_0,3,-0.235,-0.054,0.049,0.833
leaf_m,0,leaf_m_0,3,-0.235,-0.054,0.05,0.833
moon_m,0,moon_m_0,3,-0.235,-0.054,0.049,0.833
new_m,0,new_m_0,3,-0.235,-0.054,0.049,0.833
person_m,0,person_m_0,3,-0.235,-0.054,0.049,0.833
seven_m,0,seven_m_0,3,-0.235,-0.054,0.049,0.833
sun_m,0,sun_m_0,3,-0.235,-0.054,0.049,0.833
to see_col_m,0,to see_col_m_0,3,-0.235,-0.054,0.049,0.833
*d_to sit,ʦ,*d_to sit_ʦ,3,-0.358,-0.054,0.045,0.167
ou_good,ou,ou_good_ou,3,-0.311,-0.055,0.047,0.333
hot_m,0,hot_m_0,3,-0.249,-0.057,0.049,0.833
knee_m,0,knee_m_0,3,-0.249,-0.057,0.049,0.833
root_m,0,root_m_0,3,-0.249,-0.057,0.049,0.833
smoke_m,0,smoke_m_0,3,-0.249,-0.057,0.049,0.833
to burn_m,0,to burn_m_0,3,-0.249,-0.057,0.049,0.833
to swim_m,0,to swim_m_0,3,-0.249,-0.057,0.049,0.833
ɔ_many,ɔ,ɔ_many_ɔ,3,-0.277,-0.059,0.048,0.667
*ɲ_person,j,*ɲ_person_j,3,-0.344,-0.06,0.045,0.333
s_teacher,s,s_teacher_s,3,-0.291,-0.062,0.048,0.667
o_green,o,o_green_o,3,-0.311,-0.066,0.047,0.667
s_knee,ɬ,s_knee_ɬ,3,-0.408,-0.072,0.043,0.333
o_six,o,o_six_o,3,-0.344,-0.073,0.045,0.667
*-k_to eat,k,*-k_to eat_k,3,-0.344,-0.073,0.045,0.667
*ts_to walk,ʦ,*ts_to walk_ʦ,3,-0.344,-0.073,0.045,0.667
i_to know,i,i_to know_i,3,-0.36,-0.077,0.045,0.667
*t_cold,t,*t_cold_t,3,-0.376,-0.08,0.044,0.667
*i_ear,i,*i_ear_i,3,-0.376,-0.08,0.044,0.667
s_small_col,ɬ,s_small_col_ɬ,3,-0.453,-0.08,0.043,0.333
s_three,ɬ,s_three_ɬ,3,-0.469,-0.082,0.042,0.333
*t_many,t,*t_many_t,3,-0.392,-0.083,0.044,0.667
i_to see_col,i,i_to see_col_i,3,-0.392,-0.083,0.044,0.667
*t_winter,t,*t_winter_t,3,-0.392,-0.083,0.044,0.667
s_history,s,s_history_s,3,-0.404,-0.086,0.044,0.667
ts_to know,ʦ,ts_to know_ʦ,3,-0.408,-0.087,0.043,0.667
s_four,ɬ,s_four_ɬ,3,-0.499,-0.088,0.041,0.333
s_heart,ɬ,s_heart_ɬ,3,-0.499,-0.088,0.041,0.333
s_new,ɬ,s_new_ɬ,3,-0.499,-0.088,0.041,0.333
s_small_lit,ɬ,s_small_lit_ɬ,3,-0.499,-0.088,0.041,0.333
s_to die,ɬ,s_to die_ɬ,3,-0.499,-0.088,0.041,0.333
s_to think,ɬ,s_to think_ɬ,3,-0.499,-0.088,0.041,0.333
s_west,ɬ,s_west_ɬ,3,-0.499,-0.088,0.041,0.333
*d_big,t,*d_big_t,3,-0.424,-0.09,0.043,0.667
i_hot,i,i_hot_i,3,-0.468,-0.1,0.042,0.667
i_two,i,i_two_i,3,-0.469,-0.1,0.042,0.667
*i_nose,i,*i_nose_i,3,-0.692,-0.103,0.036,0.167
*d_floor/ground,t,*d_floor/ground_t,3,-0.497,-0.106,0.042,0.667
iu_to burn,iu,iu_to burn_iu,3,-0.528,-0.112,0.04,0.667
one_m,0,one_m_0,3,-0.542,-0.116,0.04,0.667
to drink_m,0,to drink_m_0,3,-0.543,-0.116,0.04,0.667
ui_ash,ui,ui_ash_ui,3,-0.621,-0.121,0.037,0.5
*ɲ_enter,j,*ɲ_enter_j,3,-0.692,-0.121,0.036,0.333
ɔi_love,ɔi,ɔi_love_ɔi,3,-0.706,-0.124,0.036,0.333
*ɲ_to drink,j,*ɲ_to drink_j,3,-0.743,-0.13,0.034,0.333
*i_tail,i,*i_tail_i,3,-0.885,-0.132,0.031,0.167
tsʰ_village,ʦʰ,tsʰ_village_ʦʰ,3,-0.675,-0.132,0.036,0.5
*i_you,i,*i_you_i,3,-0.885,-0.132,0.031,0.167
tsʰ_seven,ʦʰ,tsʰ_seven_ʦʰ,3,-0.692,-0.135,0.036,0.5
ɵ_out,ɐ,ɵ_out_ɐ,3,-0.781,-0.137,0.034,0.333
*tsʰ_autumn,ʦʰ,*tsʰ_autumn_ʦʰ,3,-0.706,-0.138,0.036,0.5
*i_four,i,*i_four_i,3,-0.929,-0.139,0.03,0.167
o_breast,o,o_breast_o,3,-0.726,-0.142,0.035,0.5
*d_to sit,ʦʰ,*d_to sit_ʦʰ,3,-0.805,-0.142,0.033,0.333
o_red,o,o_red_o,3,-0.743,-0.145,0.034,0.5
*ŋ_five,ŋ̩,*ŋ_five_ŋ̩,3,-0.839,-0.147,0.032,0.333
u_full,u,u_full_u,3,-0.759,-0.148,0.034,0.5
o_winter,o,o_winter_o,3,-0.759,-0.148,0.034,0.5
ɵ_spring,ɐ,ɵ_spring_ɐ,3,-0.862,-0.151,0.032,0.333
*-u-_bone,w,*-u-_bone_w,3,-0.775,-0.152,0.034,0.5
dry_m,0,dry_m_0,3,-0.775,-0.152,0.034,0.5
o_cold,o,o_cold_o,3,-0.791,-0.155,0.033,0.5
*i_floor/ground,i,*i_floor/ground_i,3,-1.042,-0.156,0.029,0.167
liver_m,0,liver_m_0,3,-0.807,-0.158,0.033,0.5
to see_lit_m,0,to see_lit_m_0,3,-0.801,-0.158,0.034,0.5
ɔ_dry,ɔ,ɔ_dry_ɔ,3,-0.907,-0.159,0.031,0.333
*ɲ_two,j,*ɲ_two_j,3,-1.094,-0.163,0.027,0.167
i_smoke,i,i_smoke_i,3,-0.854,-0.167,0.032,0.5
ɐ_tomb,ɐ,ɐ_tomb_ɐ,3,-0.851,-0.167,0.033,0.5
ɔ_to see_lit,ɔ,ɔ_to see_lit_ɔ,3,-0.949,-0.168,0.031,0.333
œ_bird_col,œ,œ_bird_col_œ,3,-1.132,-0.169,0.026,0.167
*ɲ_ear,j,*ɲ_ear_j,3,-1.132,-0.169,0.026,0.167
ɔ_liver,ɔ,ɔ_liver_ɔ,3,-0.972,-0.171,0.029,0.333
*ɲ_hot,j,*ɲ_hot_j,3,-1.17,-0.175,0.026,0.167
œ_leg,œ,œ_leg_œ,3,-1.17,-0.175,0.026,0.167
i_leaf,i,i_leaf_i,3,-0.897,-0.176,0.032,0.5
*ɲ_moon,j,*ɲ_moon_j,3,-1.206,-0.18,0.025,0.167
boat_m,0,boat_m_0,3,-0.929,-0.182,0.03,0.5
ash_m,0,ash_m_0,3,-0.943,-0.184,0.03,0.5
full_m,0,full_m_0,3,-0.943,-0.184,0.03,0.5
*ɲ_fish,j,*ɲ_fish_j,3,-1.242,-0.185,0.024,0.167
œ_long,œ,œ_long_œ,3,-1.234,-0.185,0.025,0.167
round_m,0,round_m_0,3,-0.943,-0.185,0.03,0.5
œ_to think,œ,œ_to think_œ,3,-1.234,-0.185,0.025,0.167
*i_to stand,i,*i_to stand_i,3,-1.256,-0.188,0.024,0.167
j_rain,j,j_rain_j,3,-1.113,-0.195,0.027,0.333
*ɲ_sun,j,*ɲ_sun_j,3,-1.311,-0.196,0.023,0.167
*ɲ_meat,j,*ɲ_meat_j,3,-1.344,-0.201,0.023,0.167
ɐ_sun,ɐ,ɐ_sun_ɐ,3,-1.188,-0.208,0.025,0.333
ɐ_knee,ɐ,ɐ_knee_ɐ,3,-1.202,-0.211,0.025,0.333
j_feather,j,j_feather_j,3,-1.224,-0.215,0.025,0.333
j_round,j,j_round_j,3,-1.22,-0.215,0.025,0.333
ɐ_cloud,ɐ,ɐ_cloud_ɐ,3,-1.26,-0.221,0.024,0.333
ɐ_enter,ɐ,ɐ_enter_ɐ,3,-1.26,-0.221,0.024,0.333
j_leaf,j,j_leaf_j,3,-1.274,-0.224,0.024,0.333
*-u-_light,w,*-u-_light_w,3,-1.499,-0.224,0.02,0.167
ɐ_one,ɐ,ɐ_one_ɐ,3,-1.274,-0.224,0.024,0.333
ɐ_person,ɐ,ɐ_person_ɐ,3,-1.277,-0.224,0.024,0.333
*i_strange,i,*i_strange_i,3,-1.499,-0.224,0.02,0.167
ɐ_ten,ɐ,ɐ_ten_ɐ,3,-1.277,-0.224,0.024,0.333
ɐ_lice,ɐ,ɐ_lice_ɐ,3,-1.294,-0.227,0.024,0.333
ɐ_seven,ɐ,ɐ_seven_ɐ,3,-1.311,-0.23,0.023,0.333
ɐ_heart,ɐ,ɐ_heart_ɐ,3,-1.327,-0.233,0.023,0.333
bone_n,ɐ,bone_n_ɐ,3,-1.344,-0.236,0.023,0.333
ɐ_new,ɐ,ɐ_new_ɐ,3,-1.344,-0.236,0.023,0.333
*ɐ_root,ɐ,*ɐ_root_ɐ,3,-1.344,-0.236,0.023,0.333
j_one,j,j_one_j,3,-1.358,-0.239,0.023,0.333
ɐ_to drink,ɐ,ɐ_to drink_ɐ,3,-1.36,-0.239,0.022,0.333
j_smoke,j,j_smoke_j,3,-1.392,-0.244,0.022,0.333
j_night,j,j_night_j,3,-1.438,-0.253,0.022,0.333
I_m,0,I_m_0,3,-1.454,-0.255,0.021,0.333
to sit_m,0,to sit_m_0,3,-1.453,-0.256,0.021,0.333
many_m,0,many_m_0,3,-1.499,-0.263,0.02,0.333
j_to swim,j,j_to swim_j,3,-1.513,-0.266,0.02,0.333
night_m,0,night_m_0,3,-1.528,-0.269,0.02,0.333
ɐ_black,ɐ,ɐ_black_ɐ,3,-1.862,-0.278,0.016,0.167
*ŋ_cow,ŋ,*ŋ_cow_ŋ,3,-1.951,-0.291,0.015,0.167
ɛ_night,ɛ,ɛ_night_ɛ,3,-1.986,-0.297,0.015,0.167
ɛ_snake,ɛ,ɛ_snake_ɛ,3,-1.993,-0.297,0.014,0.167
ɐu_nine,ɐu,ɐu_nine_ɐu,3,-2.088,-0.312,0.014,0.167
ɐu_cow,ɐu,ɐu_cow_ɐu,3,-2.094,-0.313,0.014,0.167
ɐu_hand,ɐu,ɐu_hand_ɐu,3,-2.094,-0.313,0.014,0.167
ɐu_autumn,ɐu,ɐu_autumn_ɐu,3,-2.108,-0.315,0.014,0.167
ɐu_to swim,ɐu,ɐu_to swim_ɐu,3,-2.127,-0.318,0.013,0.167
ɐu_head,ɐu,ɐu_head_ɐu,3,-2.151,-0.321,0.013,0.167
ɐi_small_col,ɐi,ɐi_small_col_ɐi,3,-2.165,-0.324,0.013,0.167
*ŋ_to bite,ŋ,*ŋ_to bite_ŋ,3,-2.17,-0.324,0.013,0.167
ɐi_chicken,ɐi,ɐi_chicken_ɐi,3,-2.184,-0.327,0.013,0.167
ɐu_to walk,ɐu,ɐu_to walk_ɐu,3,-2.188,-0.327,0.013,0.167
*ŋ_tooth1,ŋ,*ŋ_tooth1_ŋ,3,-2.188,-0.327,0.013,0.167
ɐu_dog,ɐu,ɐu_dog_ɐu,3,-2.206,-0.329,0.013,0.167
*ŋ_eye,ŋ,*ŋ_eye_ŋ,3,-2.206,-0.329,0.013,0.167
ɐ_north,ɐ,ɐ_north_ɐ,3,-2.202,-0.329,0.013,0.167
ɐi_west,ɐi,ɐi_west_ɐi,3,-2.206,-0.329,0.013,0.167
ɐu_mouth,ɐu,ɐu_mouth_ɐu,3,-2.238,-0.335,0.012,0.167
*-t_knee,t,*-t_knee_t,3,-2.344,-0.35,0.011,0.167
fire_m,0,fire_m_0,3,-2.376,-0.355,0.011,0.167
*ŋ_I,ŋ,*ŋ_I_ŋ,3,-2.392,-0.357,0.011,0.167
*m_full,m,*m_full_m,3,-2.424,-0.362,0.011,0.167
*m_tail,m,*m_tail_m,3,-2.439,-0.364,0.011,0.167
*m_hair_body,m,*m_hair_body_m,3,-2.469,-0.368,0.01,0.167
*m_horse,m,*m_horse_m,3,-2.469,-0.368,0.01,0.167
